SB,CC1207OS,7/2/2012,19:28,7/2/2012 19:28,7:00:00,7/3/2012 2:28,,,32.60217,-117.36467,KW,AB,G,7,OV,100,0,0,,340,11,2,5,2,KW,1,268,255,2.3,,,,,,,17,13,21,ND,Dc,,,,ON,,OFF,1,2,5,,Y,KW,,,,,,,,
SE,CC1207OS,7/2/2012,19:28,7/2/2012 19:28,7:00:00,7/3/2012 2:28,,,32.60217,-117.36467,KW,AB,G,7,OV,100,0,0,,340,11,2,5,2,KW,1,268,255,2.3,,,,,,,17,13,21,ND,Dc,,,,ON,,OFF,1,2,5,,Y,KW,50d,25,49,,,,,
SB,CC1207OS,7/2/2012,19:28,7/2/2012 19:28,7:00:00,7/3/2012 2:28,,,32.60217,-117.36467,KW,AB,G,7,OV,100,0,0,,340,11,2,5,1,AB,1,268,353,0.8,,,,,,,20,15,30,ND,DSP,,,,ON,,OFF,1,2,8,,,,,,,,,,,
SE,CC1207OS,7/2/2012,19:28,7/2/2012 19:28,7:00:00,7/3/2012 2:28,,,32.60217,-117.36467,KW,AB,G,7,OV,100,0,0,,340,11,2,5,1,AB,1,268,353,0.8,,,,,,,20,15,30,ND,DSP,,,,ON,,OFF,1,2,8,,,,,,,,,,,
SB,CC1207OS,7/2/2012,19:52,7/2/2012 19:52,7:00:00,7/3/2012 2:52,,,32.59333,-117.41767,KW,AB,P,7,OV,100,0,0,,340,11,2,5,3,AB,1,256,270,0.4,,,,,351,12,135,70,170,ND,Tt,,,,ON,,OFF,1,2,5,,,,,,,,,,,large group
SE,CC1207OS,7/2/2012,19:52,7/2/2012 19:52,7:00:00,7/3/2012 2:52,,,32.59333,-117.41767,KW,AB,P,7,OV,100,0,0,,340,11,2,5,3,AB,1,256,270,0.4,,,,,351,12,135,70,170,ND,Tt,,,,ON,,OFF,1,2,5,,,,,,,,,,,large group
SB,CC1207OS,7/3/2012,6:22,7/3/2012 6:22,7:00:00,7/3/2012 13:22,,,32.83650,-117.55183,KW,AB,G,6,OV,100,0,0,,256,1,2,4,4,AB,3,66,66,,400,,,,,,70,50,98,ND,DSP,,,,ON,,ON,,1,5,,,,,,,,,,,retracing line 93 going east
SE,CC1207OS,7/3/2012,6:22,7/3/2012 6:22,7:00:00,7/3/2012 13:22,,,32.83650,-117.55183,KW,AB,G,6,OV,100,0,0,,256,1,2,4,4,AB,3,66,66,,400,,,,,,70,50,98,ND,DSP,,,,ON,,ON,,1,5,,,,,,,,,,,retracing line 93 going east
SB,CC1207OS,7/3/2012,6:47,7/3/2012 6:47,7:00:00,7/3/2012 13:47,,,32.86200,-117.49533,KW,AB,G,6,OV,100,0,0,,256,1,2,4,5,AB,3,59,55,5.7,,,,,,,8,7,10,0,Tt,,,,ON,,ON,,1,,,,,,,,,,,,
SE,CC1207OS,7/3/2012,6:47,7/3/2012 6:47,7:00:00,7/3/2012 13:47,,,32.86200,-117.49533,KW,AB,G,6,OV,100,0,0,,256,1,2,4,5,AB,3,59,55,5.7,,,,,,,8,7,10,0,Tt,,,,ON,,ON,,1,,,,,,,,,,,,
SH,CC1207OS,7/3/2012,7:11,7/3/2012 7:11,7:00:00,7/3/2012 14:11,,,32.89050,-117.44100,KW,AB,G,6,OV,100,0,0,,256,1,2,4,SH1,,,60,144,0.1,,,,,,,,,,,,,,,ON,,ON,,,,,,,,,,,,,,Melville medium ship
SB,CC1207OS,7/3/2012,14:30,7/3/2012 14:30,7:00:00,7/3/2012 21:30,,,32.85800,-117.35583,KW,AB,G,7,OV,76,0,0,,260,5,3,4,6,KW,1,166,182,5.2,,,,,,,5,4,6,0,Tt,,,,OFF,7,OFF,7,2,5,,,,,,,,,,,"1 observer on, transiting to port SD"
SE,CC1207OS,7/3/2012,14:30,7/3/2012 14:30,7:00:00,7/3/2012 21:30,,,32.85800,-117.35583,KW,AB,G,7,OV,76,0,0,,260,5,3,4,6,KW,1,166,182,5.2,,,,,,,5,4,6,0,Tt,,,,OFF,7,OFF,7,2,5,,,,,,,,,,,"1 observer on, transiting to port SD"
SB,CC1207OS,7/3/2012,16:25,7/3/2012 16:25,7:00:00,7/3/2012 23:25,,,32.61967,-117.27383,AB,KW,G,7,OV,100,0,0,,260,4,2,3,7,KW,1,124,67,1,,,,,,,21,16,23,1,Dc,,,,OFF,,OFF,7,8,1,,Y,KW,50D,51,94,,,,,transiting to port SD
SE,CC1207OS,7/3/2012,16:25,7/3/2012 16:25,7:00:00,7/3/2012 23:25,,,32.61967,-117.27383,AB,KW,G,7,OV,100,0,0,,260,4,2,3,7,KW,1,124,67,1,,,,,,,21,16,23,1,Dc,,,,OFF,,OFF,7,8,1,,Y,KW,50D,51,94,,,,,transiting to port SD
SB,CC1207OS,7/10/2012,6:12,7/10/2012 6:12,7:00:00,7/10/2012 13:12,,,33.14000,-117.53833,AB,KW,F,5,MI,100,0,0,,221,4,2,4,8,AB,3,218,193,1.2,,,,,54,288,69,49,87,1,Tt,Gg,97,3,ON,,OFF,7,1,5,,Y,KW,50d,96,115,AB,40D,5,5,"1 Tt calf; 2 grampus mixed in with Tt, not side by side with them.  2 photos in sighting number 8 frames ; Gg originally called sighting #9.  0 Gg calves."
SE,CC1207OS,7/10/2012,6:12,7/10/2012 6:12,7:00:00,7/10/2012 13:12,,,33.14000,-117.53833,AB,KW,F,5,MI,100,0,0,,221,4,2,4,8,AB,3,218,193,1.2,,,,,54,288,69,49,87,1,Tt,Gg,97,3,ON,,OFF,7,1,5,,Y,KW,50d,96,115,AB,40D,5,5,"1 Tt calf; 2 grampus mixed in with Tt, not side by side with them.  2 photos in sighting number 8 frames ; Gg originally called sighting #9.  0 Gg calves."
SB,CC1207OS,7/10/2012,7:46,7/10/2012 7:46,7:00:00,7/10/2012 14:46,,,32.94450,-117.67400,KW,AB,F,6,OV,100,0,0,,226,5,2,5,10,KW,1,218,218,3,,,,,,,10,7,12,1,DSP,,,,ON,,OFF,7,1,5,,,,,,,,,,,
SE,CC1207OS,7/10/2012,7:46,7/10/2012 7:46,7:00:00,7/10/2012 14:46,,,32.94450,-117.67400,KW,AB,F,6,OV,100,0,0,,226,5,2,5,10,KW,1,218,218,3,,,,,,,10,7,12,1,DSP,,,,ON,,OFF,7,1,5,,,,,,,,,,,
SB,CC1207OS,7/10/2012,9:03,7/10/2012 9:03,7:00:00,7/10/2012 16:03,,,32.78150,-117.79900,AB,KW,F,6,PC,70,110,140,SL,296,7,3,5,11,KW,2,221,266,0.6,,,,,,,1,1,1,0,Bm,,,,ON,,OFF,7,1,34,,,,,,,,,,,
SE,CC1207OS,7/10/2012,9:03,7/10/2012 9:03,7:00:00,7/10/2012 16:03,,,32.78150,-117.79900,AB,KW,F,6,PC,70,110,140,SL,296,7,3,5,11,KW,2,221,266,0.6,,,,,,,1,1,1,0,Bm,,,,ON,,OFF,7,1,34,,,,,,,,,,,
SB,CC1207OS,7/10/2012,13:19,7/10/2012 13:19,7:00:00,7/10/2012 20:19,,,32.62883,-117.97117,AB,KW,F,6,PC,48,0,0,,295,13,4,5,12,AB,2,240,238,0.2,,,,,,,1,1,1,0,Bm,,,,ON,,ON,,1,,,,,,,,,,,,
SE,CC1207OS,7/10/2012,13:19,7/10/2012 13:19,7:00:00,7/10/2012 20:19,,,32.62883,-117.97117,AB,KW,F,6,PC,48,0,0,,295,13,4,5,12,AB,2,240,238,0.2,,,,,,,1,1,1,0,Bm,,,,ON,,ON,,1,,,,,,,,,,,,
SB,CC1207OS,7/10/2012,13:19,7/10/2012 13:19,7:00:00,7/10/2012 20:19,,,32.62883,-117.97117,AB,KW,F,6,PC,48,0,0,,295,13,4,5,13,AB,2,240,275,1,,,,,,,2,1,2,ND,Bm,,,,ON,,ON,,1,,,,,,,,,,,,
SE,CC1207OS,7/10/2012,13:19,7/10/2012 13:19,7:00:00,7/10/2012 20:19,,,32.62883,-117.97117,AB,KW,F,6,PC,48,0,0,,295,13,4,5,13,AB,2,240,275,1,,,,,,,2,1,2,ND,Bm,,,,ON,,ON,,1,,,,,,,,,,,,
SB,CC1207OS,7/10/2012,13:37,7/10/2012 13:37,7:00:00,7/10/2012 20:37,,,32.60717,-118.01267,AB,KW,P,6,PC,48,0,0,,295,15,5,6,14,AB,2,240,205,1,,,,,,,1,1,1,0,Bm,,,,ON,,ON,,1,,,,,,,,,,,,
SE,CC1207OS,7/10/2012,13:37,7/10/2012 13:37,7:00:00,7/10/2012 20:37,,,32.60717,-118.01267,AB,KW,P,6,PC,48,0,0,,295,15,5,6,14,AB,2,240,205,1,,,,,,,1,1,1,0,Bm,,,,ON,,ON,,1,,,,,,,,,,,,
SB,CC1207OS,7/10/2012,13:40,7/10/2012 13:40,7:00:00,7/10/2012 20:40,,,32.60367,-118.01933,AB,KW,P,6,PC,48,0,0,,295,15,5,6,15,AB,2,240,180,0.1,,,,,,,1,1,1,0,ULW,,,,ON,,ON,,1,,,,,,,,,,,,"tall blow, possible blue whale"
SE,CC1207OS,7/10/2012,13:40,7/10/2012 13:40,7:00:00,7/10/2012 20:40,,,32.60367,-118.01933,AB,KW,P,6,PC,48,0,0,,295,15,5,6,15,AB,2,240,180,0.1,,,,,,,1,1,1,0,ULW,,,,ON,,ON,,1,,,,,,,,,,,,"tall blow, possible blue whale"
SB,CC1207OS,7/10/2012,13:54,7/10/2012 13:54,7:00:00,7/10/2012 20:54,,,32.58533,-118.05300,AB,KW,P,6,PC,30,0,0,,240,17,5,6,16,AB,2,245,185,0.2,,,,,,,1,1,1,ND,ULW,,,,ON,,ON,,1,,,,,,,,,,,,"most likely blue whale--tall, high blow"
SE,CC1207OS,7/10/2012,13:54,7/10/2012 13:54,7:00:00,7/10/2012 20:54,,,32.58533,-118.05300,AB,KW,P,6,PC,30,0,0,,240,17,5,6,16,AB,2,245,185,0.2,,,,,,,1,1,1,ND,ULW,,,,ON,,ON,,1,,,,,,,,,,,,"most likely blue whale--tall, high blow"
SB,CC1207OS,7/10/2012,18:52,7/10/2012 18:52,7:00:00,7/11/2012 1:52,,,32.39167,-118.44417,AB,KW,P,5,OV,100,0,0,,290,18,5,6,17,KW,2,255,220,2.5,,,,,,,1,1,1,0,Bp,,,,ON,,ON,,1,,,,,,,,,,,,
SE,CC1207OS,7/10/2012,18:52,7/10/2012 18:52,7:00:00,7/11/2012 1:52,,,32.39167,-118.44417,AB,KW,P,5,OV,100,0,0,,290,18,5,6,17,KW,2,255,220,2.5,,,,,,,1,1,1,0,Bp,,,,ON,,ON,,1,,,,,,,,,,,,
SB,CC1207OS,7/10/2012,19:11,7/10/2012 19:11,7:00:00,7/11/2012 2:11,,,32.37600,-118.48833,AB,KW,P,5,OV,150,0,0,,290,18,5,6,18,AB,2,253,176,0.3,,,,,,,2,2,2,0,Bp,,,,ON,,ON,,1,,,,,,,,,,,,
SE,CC1207OS,7/10/2012,19:11,7/10/2012 19:11,7:00:00,7/11/2012 2:11,,,32.37600,-118.48833,AB,KW,P,5,OV,150,0,0,,290,18,5,6,18,AB,2,253,176,0.3,,,,,,,2,2,2,0,Bp,,,,ON,,ON,,1,,,,,,,,,,,,
SB,CC1207OS,7/11/2012,13:23,7/11/2012 13:23,7:00:00,7/11/2012 20:23,,,31.74333,-119.73450,AB,KW,P,6,OV,100,0,0,,330,18,5,6,19,AB,2,250,166,2.1,,,,,,,1,1,2,ND,ULW,,,,ON,,ON,,1,,,,,,,,,,,,"10-15 blows, maybe sperm whales"
SE,CC1207OS,7/11/2012,13:23,7/11/2012 13:23,7:00:00,7/11/2012 20:23,,,31.74333,-119.73450,AB,KW,P,6,OV,100,0,0,,330,18,5,6,19,AB,2,250,166,2.1,,,,,,,1,1,2,ND,ULW,,,,ON,,ON,,1,,,,,,,,,,,,"10-15 blows, maybe sperm whales"
SB,CC1207OS,7/11/2012,13:26,7/11/2012 13:26,7:00:00,7/11/2012 20:26,,,31.74017,-119.74150,AB,KW,P,6,OV,100,0,0,,330,18,5,6,20,KW,2,250,311,3,,,,,,,1,1,2,ND,ULW,,,,ON,,ON,,1,,,,,,,,,,,,large to medium blow
SE,CC1207OS,7/11/2012,13:26,7/11/2012 13:26,7:00:00,7/11/2012 20:26,,,31.74017,-119.74150,AB,KW,P,6,OV,100,0,0,,330,18,5,6,20,KW,2,250,311,3,,,,,,,1,1,2,ND,ULW,,,,ON,,ON,,1,,,,,,,,,,,,large to medium blow
SB,CC1207OS,7/11/2012,14:43,7/11/2012 14:43,7:00:00,7/11/2012 21:43,,,31.65500,-119.93233,AB,KW,P,6,OV,100,0,0,,330,18,5,6,21,AB,3,250,182,,500,,,,,,11,10,12,0,Dc,,,,ON,,ON,,2,"8,5",,Y,KW,40D,115,157,,,,,
SE,CC1207OS,7/11/2012,14:43,7/11/2012 14:43,7:00:00,7/11/2012 21:43,,,31.65500,-119.93233,AB,KW,P,6,OV,100,0,0,,330,18,5,6,21,AB,3,250,182,,500,,,,,,11,10,12,0,Dc,,,,ON,,ON,,2,"8,5",,Y,KW,40D,115,157,,,,,
SB,CC1207OS,7/11/2012,16:00,7/11/2012 16:00,7:00:00,7/11/2012 23:00,,,31.57717,-120.10583,AB,KW,P,6,OV,100,0,0,,330,18,5,6,22,KW,2,245,245,0.3,,,,,,,1,1,1,ND,ULW,,,,ON,,ON,,0,,,,,,,,,,,,"very large blow, most likely blue whale"
SE,CC1207OS,7/11/2012,16:00,7/11/2012 16:00,7:00:00,7/11/2012 23:00,,,31.57717,-120.10583,AB,KW,P,6,OV,100,0,0,,330,18,5,6,22,KW,2,245,245,0.3,,,,,,,1,1,1,ND,ULW,,,,ON,,ON,,0,,,,,,,,,,,,"very large blow, most likely blue whale"
SB,CC1207OS,7/11/2012,16:00,7/11/2012 16:00,7:00:00,7/11/2012 23:00,,,31.57717,-120.10583,AB,KW,P,6,OV,100,0,0,,330,18,5,6,23,KW,2,245,262,1,,,,,,,2,1,2,0,Bm,,,,ON,,ON,,2,,,,,,,,,,,,"very large blow, most likely blue whale"
SE,CC1207OS,7/11/2012,16:00,7/11/2012 16:00,7:00:00,7/11/2012 23:00,,,31.57717,-120.10583,AB,KW,P,6,OV,100,0,0,,330,18,5,6,23,KW,2,245,262,1,,,,,,,2,1,2,0,Bm,,,,ON,,ON,,2,,,,,,,,,,,,"very large blow, most likely blue whale"
SB,CC1207OS,7/11/2012,16:29,7/11/2012 16:29,7:00:00,7/11/2012 23:29,,,31.54683,-120.16800,AB,KW,P,6,OV,100,0,0,,330,18,5,6,24,AB,3,245,204,,450,,,,,,4,4,5,0,Dc,,,,ON,,ON,,2,8,,,,,,,,,,,dolphins stayed with us until 17:00
SE,CC1207OS,7/11/2012,16:29,7/11/2012 16:29,7:00:00,7/11/2012 23:29,,,31.54683,-120.16800,AB,KW,P,6,OV,100,0,0,,330,18,5,6,24,AB,3,245,204,,450,,,,,,4,4,5,0,Dc,,,,ON,,ON,,2,8,,,,,,,,,,,dolphins stayed with us until 17:00
SB,CC1207OS,7/11/2012,16:41,7/11/2012 16:41,7:00:00,7/11/2012 23:41,,,31.53283,-120.20233,AB,KW,P,6,OV,100,0,0,,330,18,5,6,25,AB,2,245,234,0.4,,,,,,,2,2,2,0,Bm,,,,ON,,ON,,1,,,,,,,,,,,,
SE,CC1207OS,7/11/2012,17:00,7/11/2012 17:00,7:00:00,7/12/2012 0:00,,,31.51617,-120.24217,AB,KW,P,6,OV,100,0,0,,330,18,5,6,25,AB,2,245,155,4.1,,,,,,,2,2,2,0,Bm,,,,ON,,ON,,1,,,,,,,,,,,,
SH,CC1207OS,7/14/2012,10:03,7/14/2012 10:03,7:00:00,7/14/2012 17:03,,,31.40167,-121.98450,AB,KW,P,6,OV,100,0,0,,12,21,5,7,SH2,,,59,59,0.8,,,,,,,,,,,,,,,ON,,ON,,,,,,,,,,,,,,"Oil tanker, large, named Dasin"
SB,CC1207OS,7/14/2012,12:06,7/14/2012 12:06,7:00:00,7/14/2012 19:06,,,31.53467,-121.71067,AB,KW,P,6,OV,100,0,0,,12,18,5,6,26,AB,3,61,337,,200,,,,,,3,3,5,0,DSP,,,,ON,,ON,,2,5,,Y,KW,40D,159,159,,,,,
SE,CC1207OS,7/14/2012,12:06,7/14/2012 12:06,7:00:00,7/14/2012 19:06,,,31.53467,-121.71067,AB,KW,P,6,OV,100,0,0,,12,18,5,6,26,AB,3,61,337,,200,,,,,,3,3,5,0,DSP,,,,ON,,ON,,2,5,,Y,KW,40D,159,159,,,,,
SB,CC1207OS,7/14/2012,13:43,7/14/2012 13:43,7:00:00,7/14/2012 20:43,,,31.63833,-121.49083,AB,KW,P,6,OV,100,0,0,,12,17,4,6,27,AB,3,59,14,12.1,,,,,,,39,35,51,2,Dd,,,,ON,,ON,,2,5,8,Y,KW,40D,162,230,,,,,
SE,CC1207OS,7/14/2012,13:51,7/14/2012 13:51,7:00:00,7/14/2012 20:51,,,31.64583,-121.47517,AB,KW,P,6,OV,100,0,0,,12,17,4,6,27,AB,3,59,59,14,,,,,,,39,35,51,2,Dd,,,,ON,,ON,,2,5,8,,,,162,230,,,,,
SB,CC1207OS,7/14/2012,14:02,7/14/2012 14:02,7:00:00,7/14/2012 21:02,,,31.65950,-121.44833,AB,KW,P,6,OV,100,0,0,,12,17,4,6,28,KW,3,66,141,6,,,,,,,14,11,17,0,DSP,,,,ON,,ON,,8,2,,,,,,,,,,,
SE,CC1207OS,7/14/2012,14:02,7/14/2012 14:02,7:00:00,7/14/2012 21:02,,,31.65950,-121.44833,AB,KW,P,6,OV,100,0,0,,12,17,4,6,28,KW,3,66,141,6,,,,,,,14,11,17,0,DSP,,,,ON,,ON,,8,2,,,,,,,,,,,
SB,CC1207OS,7/14/2012,14:19,7/14/2012 14:19,7:00:00,7/14/2012 21:19,,,31.68133,-121.41433,AB,KW,P,6,OV,100,0,0,,12,17,4,6,29,KW,3,48,18,,120,,,,,,17,14,21,0,DSP,,,,ON,,ON,,8,1,,,,,,,,,,,
SE,CC1207OS,7/14/2012,14:19,7/14/2012 14:19,7:00:00,7/14/2012 21:19,,,31.68133,-121.41433,AB,KW,P,6,OV,100,0,0,,12,17,4,6,29,KW,3,48,18,,120,,,,,,17,14,21,0,DSP,,,,ON,,ON,,8,1,,,,,,,,,,,
SB,CC1207OS,7/14/2012,19:36,7/14/2012 19:36,7:00:00,7/15/2012 2:36,,,31.88117,-121.04433,AB,KW,P,6,OV,100,0,0,,350,16,4,6,30,KW,3,62,24,,220,,,,,,5,5,7,0,Dd,,,,ON,,ON,,2,8,1,Y,KW,40D,241,248,,,,,
SE,CC1207OS,7/14/2012,19:36,7/14/2012 19:36,7:00:00,7/15/2012 2:36,,,31.88117,-121.04433,AB,KW,P,6,OV,100,0,0,,350,16,4,6,30,KW,3,62,24,,220,,,,,,5,5,7,0,Dd,,,,ON,,ON,,2,8,1,Y,KW,40D,241,248,,,,,
SB,CC1207OS,7/15/2012,8:31,7/15/2012 8:31,7:00:00,7/15/2012 15:31,,,32.41300,-119.92583,AB,KW,F,6,OV,100,0,0,,8,14,3,5,31,AB,2,58,26,3.2,,,,,,,1,1,1,0,ULW,,,,ON,,ON,,1,,,,,,,,,,,,Most like a fin -possibly a blue
SE,CC1207OS,7/15/2012,8:31,7/15/2012 8:31,7:00:00,7/15/2012 15:31,,,32.41300,-119.92583,AB,KW,F,6,OV,100,0,0,,8,14,3,5,31,AB,2,58,26,3.2,,,,,,,1,1,1,0,ULW,,,,ON,,ON,,1,,,,,,,,,,,,Most like a fin -possibly a blue
SB,CC1207OS,7/15/2012,8:47,7/15/2012 8:47,7:00:00,7/15/2012 15:47,,,32.43567,-119.88750,AB,KW,F,6,OV,100,0,0,,8,14,3,5,32,KW,2,58,127,0.2,,,,,,,1,1,1,0,ULW,,,,ON,,ON,,1,,,,,,,,,,,,Most like a fin -possibly a blue
SE,CC1207OS,7/15/2012,8:47,7/15/2012 8:47,7:00:00,7/15/2012 15:47,,,32.43567,-119.88750,AB,KW,F,6,OV,100,0,0,,8,14,3,5,32,KW,2,58,127,0.2,,,,,,,1,1,1,0,ULW,,,,ON,,ON,,1,,,,,,,,,,,,Most like a fin -possibly a blue
SB,CC1207OS,7/15/2012,8:55,7/15/2012 8:55,7:00:00,7/15/2012 15:55,,,32.44850,-119.86650,AB,KW,F,6,OV,100,0,0,,8,14,3,5,34,KW,2,58,45,0.2,,,,,,,1,1,1,0,Bp,,,,ON,,ON,,1,,,,,,,,,,,,
SE,CC1207OS,7/15/2012,8:55,7/15/2012 8:55,7:00:00,7/15/2012 15:55,,,32.44850,-119.86650,AB,KW,F,6,OV,100,0,0,,8,14,3,5,34,KW,2,58,45,0.2,,,,,,,1,1,1,0,Bp,,,,ON,,ON,,1,,,,,,,,,,,,
SB,CC1207OS,7/15/2012,8:55,7/15/2012 8:55,7:00:00,7/15/2012 15:55,,,32.44850,-119.86650,AB,KW,F,6,OV,100,0,0,,8,14,3,5,33,KW,2,58,58,0.3,,,,,,,2,2,2,ND,ULW,,,,ON,,ON,,1,,,,,,,,,,,,Most like a fin -possibly a blue
SE,CC1207OS,7/15/2012,8:55,7/15/2012 8:55,7:00:00,7/15/2012 15:55,,,32.44850,-119.86650,AB,KW,F,6,OV,100,0,0,,8,14,3,5,33,KW,2,58,58,0.3,,,,,,,2,2,2,ND,ULW,,,,ON,,ON,,1,,,,,,,,,,,,Most like a fin -possibly a blue
SB,CC1207OS,7/15/2012,9:00,7/15/2012 9:00,7:00:00,7/15/2012 16:00,,,32.45417,-119.85700,AB,KW,F,6,OV,100,0,0,,8,14,3,5,35,KW,2,58,15,0.3,,,,,,,1,1,1,0,ULW,,,,ON,,ON,,1,,,,,,,,,,,,Most like a fin -possibly a blue
SE,CC1207OS,7/15/2012,9:00,7/15/2012 9:00,7:00:00,7/15/2012 16:00,,,32.45417,-119.85700,AB,KW,F,6,OV,100,0,0,,8,14,3,5,35,KW,2,58,15,0.3,,,,,,,1,1,1,0,ULW,,,,ON,,ON,,1,,,,,,,,,,,,Most like a fin -possibly a blue
SB,CC1207OS,7/15/2012,9:00,7/15/2012 9:00,7:00:00,7/15/2012 16:00,,,32.45417,-119.85700,AB,KW,F,6,OV,100,0,0,,8,14,3,5,36,KW,2,58,134,0.3,,,,,,,1,1,1,0,ULW,,,,ON,,ON,,1,,,,,,,,,,,,Most like a fin -possibly a blue
SE,CC1207OS,7/15/2012,9:00,7/15/2012 9:00,7:00:00,7/15/2012 16:00,,,32.45417,-119.85700,AB,KW,F,6,OV,100,0,0,,8,14,3,5,36,KW,2,58,134,0.3,,,,,,,1,1,1,0,ULW,,,,ON,,ON,,1,,,,,,,,,,,,Most like a fin -possibly a blue
SB,CC1207OS,7/15/2012,9:07,7/15/2012 9:07,7:00:00,7/15/2012 16:07,,,32.46450,-119.83733,AB,KW,F,6,OV,100,0,0,,8,14,3,5,37,AB,2,58,332,0.1,,,,,,,2,2,2,ND,ULW,,,,ON,,ON,,1,,,,,,,,,,,,Most like a fin -possibly a blue
SE,CC1207OS,7/15/2012,9:07,7/15/2012 9:07,7:00:00,7/15/2012 16:07,,,32.46450,-119.83733,AB,KW,F,6,OV,100,0,0,,8,14,3,5,37,AB,2,58,332,0.1,,,,,,,2,2,2,ND,ULW,,,,ON,,ON,,1,,,,,,,,,,,,Most like a fin -possibly a blue
SB,CC1207OS,7/15/2012,9:07,7/15/2012 9:07,7:00:00,7/15/2012 16:07,,,32.46450,-119.83733,AB,KW,F,6,OV,100,0,0,,8,14,3,5,38,AB,2,58,344,0.1,,,,,,,1,1,2,ND,ULW,,,,ON,,ON,,1,,,,,,,,,,,,Most like a fin -possibly a blue
SE,CC1207OS,7/15/2012,9:07,7/15/2012 9:07,7:00:00,7/15/2012 16:07,,,32.46450,-119.83733,AB,KW,F,6,OV,100,0,0,,8,14,3,5,38,AB,2,58,344,0.1,,,,,,,1,1,2,ND,ULW,,,,ON,,ON,,1,,,,,,,,,,,,Most like a fin -possibly a blue
SB,CC1207OS,7/15/2012,9:09,7/15/2012 9:09,7:00:00,7/15/2012 16:09,,,32.46633,-119.83333,AB,KW,F,6,OV,100,0,0,,8,14,3,5,39,AB,2,58,97,0.6,,,,,,,1,1,1,0,ULW,,,,ON,,ON,,1,,,,,,,,,,,,Most like a fin -possibly a blue
SE,CC1207OS,7/15/2012,9:09,7/15/2012 9:09,7:00:00,7/15/2012 16:09,,,32.46633,-119.83333,AB,KW,F,6,OV,100,0,0,,8,14,3,5,39,AB,2,58,97,0.6,,,,,,,1,1,1,0,ULW,,,,ON,,ON,,1,,,,,,,,,,,,Most like a fin -possibly a blue
SB,CC1207OS,7/15/2012,9:09,7/15/2012 9:09,7:00:00,7/15/2012 16:09,,,32.46633,-119.83333,AB,KW,F,6,OV,100,0,0,,8,14,3,5,40,AB,3,58,97,5.5,,,,,,,92,55,118,ND,Lb,Lo,75,25,ON,,ON,,2,8,5,Y,KW,4OD,250,253,,,,,Mixed species group with Lo (originally sighting 41)
SE,CC1207OS,7/15/2012,9:09,7/15/2012 9:09,7:00:00,7/15/2012 16:09,,,32.46633,-119.83333,AB,KW,F,6,OV,100,0,0,,8,14,3,5,40,AB,3,58,97,5.5,,,,,,,92,55,118,ND,Lb,Lo,75,25,ON,,ON,,2,8,5,Y,KW,4OD,250,253,,,,,Mixed species group with Lo (originally sighting 41)
SB,CC1207OS,7/15/2012,9:16,7/15/2012 9:16,7:00:00,7/15/2012 16:16,,,32.47617,-119.81400,AB,KW,F,6,OV,100,0,0,,8,14,3,5,42,KW,2,58,103,3,,,,,,,2,2,2,ND,Bp,,,,ON,,ON,,1,,,Y,KW,40D,254,296,,,,,
SE,CC1207OS,7/15/2012,9:16,7/15/2012 9:16,7:00:00,7/15/2012 16:16,,,32.47617,-119.81400,AB,KW,F,6,OV,100,0,0,,8,14,3,5,42,KW,2,58,103,3,,,,,,,2,2,2,ND,Bp,,,,ON,,ON,,1,,,Y,KW,40D,254,296,,,,,
SB,CC1207OS,7/15/2012,9:25,7/15/2012 9:25,7:00:00,7/15/2012 16:25,,,32.48850,-119.78933,AB,KW,F,6,OV,100,0,0,,8,14,3,5,43,KW,2,60,350,2,,,,,,,1,1,1,0,ULW,,,,ON,,ON,,1,,,,,,,,,,,,Most like a fin -possibly a blue
SE,CC1207OS,7/15/2012,9:25,7/15/2012 9:25,7:00:00,7/15/2012 16:25,,,32.48850,-119.78933,AB,KW,F,6,OV,100,0,0,,8,14,3,5,43,KW,2,60,350,2,,,,,,,1,1,1,0,ULW,,,,ON,,ON,,1,,,,,,,,,,,,Most like a fin -possibly a blue
SB,CC1207OS,7/15/2012,9:46,7/15/2012 9:46,7:00:00,7/15/2012 16:46,,,32.51667,-119.73250,AB,KW,F,6,OV,100,0,0,,8,14,3,5,44,AB,2,63,11,0.2,,,,,,,1,1,1,ND,ULW,,,,ON,,ON,,1,,,,,,,,,,,,Most like a fin -possibly a blue
SE,CC1207OS,7/15/2012,9:46,7/15/2012 9:46,7:00:00,7/15/2012 16:46,,,32.51667,-119.73250,AB,KW,F,6,OV,100,0,0,,8,14,3,5,44,AB,2,63,11,0.2,,,,,,,1,1,1,ND,ULW,,,,ON,,ON,,1,,,,,,,,,,,,Most like a fin -possibly a blue
SB,CC1207OS,7/15/2012,9:52,7/15/2012 9:52,7:00:00,7/15/2012 16:52,,,32.52433,-119.71717,AB,KW,F,6,OV,100,0,0,,8,14,3,5,45,KW,2,63,118,0.3,,,,,,,4,4,5,ND,ULW,,,,ON,,ON,,1,,,,,,,,,,,,Most like a fin -possibly a blue
SE,CC1207OS,7/15/2012,9:52,7/15/2012 9:52,7:00:00,7/15/2012 16:52,,,32.52433,-119.71717,AB,KW,F,6,OV,100,0,0,,8,14,3,5,45,KW,2,63,118,0.3,,,,,,,4,4,5,ND,ULW,,,,ON,,ON,,1,,,,,,,,,,,,Most like a fin -possibly a blue
SB,CC1207OS,7/15/2012,11:26,7/15/2012 11:26,7:00:00,7/15/2012 18:26,,,32.65167,-119.48183,AB,KW,G,7,OV,100,0,0,,8,13,3,5,46,AB,3,62,70,7.8,,,,,,,51,43,58,ND,DSP,,,,ON,,ON,,9,,,,,,,,,,,,
SE,CC1207OS,7/15/2012,11:26,7/15/2012 11:26,7:00:00,7/15/2012 18:26,,,32.65167,-119.48183,AB,KW,G,7,OV,100,0,0,,8,13,3,5,46,AB,3,62,70,7.8,,,,,,,51,43,58,ND,DSP,,,,ON,,ON,,9,,,,,,,,,,,,
SB,CC1207OS,7/15/2012,15:20,7/15/2012 15:20,7:00:00,7/15/2012 22:20,,,32.72900,-119.27550,AB,KW,G,7,OV,100,0,0,,311,14,3,5,47,KW,3,58,74,1.3,,,,,,,27,18,33,0,Dc,,,,ON,,ON,,1,2,8,Y,KW,40D,298,310,AB,,7,14,
SE,CC1207OS,7/15/2012,15:20,7/15/2012 15:20,7:00:00,7/15/2012 22:20,,,32.72900,-119.27550,AB,KW,G,7,OV,100,0,0,,311,14,3,5,47,KW,3,58,74,1.3,,,,,,,27,18,33,0,Dc,,,,ON,,ON,,1,2,8,,KW,40D,298,310,AB,,7,14,
SB,CC1207OS,7/15/2012,16:04,7/15/2012 16:04,7:00:00,7/15/2012 23:04,,,32.79700,-119.16183,AB,KW,G,7,OV,100,0,0,,311,14,3,5,48,KW,1,56,50,0.1,,,,,,,14,8,20,ND,UD,,,,ON,,ON,,8,2,,,,,,,,,,,
SE,CC1207OS,7/15/2012,16:04,7/15/2012 16:04,7:00:00,7/15/2012 23:04,,,32.79700,-119.16183,AB,KW,G,7,OV,100,0,0,,311,14,3,5,48,KW,1,56,50,0.1,,,,,,,14,8,20,ND,UD,,,,ON,,ON,,8,2,,,,,,,,,,,
SB,CC1207OS,7/16/2012,8:47,7/16/2012 8:47,7:00:00,7/16/2012 15:47,,,33.45350,-117.84383,AB,KW,G,7,OV,100,0,0,,162,12,3,2,49,AB,3,71,46,,1207,,,,,,12,9,15,ND,Tt,,,,ON,,ON,,1,,,Y,KW,40D,336,356,,,,,
SE,CC1207OS,7/16/2012,8:47,7/16/2012 8:47,7:00:00,7/16/2012 15:47,,,33.45350,-117.84383,AB,KW,G,7,OV,100,0,0,,162,12,3,2,49,AB,3,71,46,,1207,,,,,,12,9,15,ND,Tt,,,,ON,,ON,,1,,,Y,KW,40D,336,356,,,,,
SB,CC1207OS,7/16/2012,10:14,7/16/2012 10:14,7:00:00,7/16/2012 17:14,,,33.48083,-117.76133,AB,KW,G,7,PC,74,0,0,,186,12,3,2,139,AB,1,301,301,,1609,,,,,,36,32,41,4,Dc,,,,ON,,OFF,1,2,,,Y,KW,40D,359,495,,,,,
SE,CC1207OS,7/16/2012,10:14,7/16/2012 10:14,7:00:00,7/16/2012 17:14,,,33.48083,-117.76133,AB,KW,G,7,PC,74,0,0,,186,12,3,2,139,AB,1,301,301,,1609,,,,,,36,32,41,4,Dc,,,,ON,,OFF,1,2,,,Y,KW,40D,359,495,,,,,
SB,CC1207OS,7/16/2012,10:56,7/16/2012 10:56,7:00:00,7/16/2012 17:56,,,33.48583,-117.76183,AB,KW,G,7,PC,30,0,0,,186,5,2,1,140,KW,1,59,0,,1609,,,,330,10,80,67,103,ND,DSP,,,,ON,,OFF,3,2,8,,,,,,,,,,,dolphins widespread.  SCOOS line transect
SE,CC1207OS,7/16/2012,10:56,7/16/2012 10:56,7:00:00,7/16/2012 17:56,,,33.48583,-117.76183,AB,KW,G,7,PC,30,0,0,,186,5,2,1,140,KW,1,59,0,,1609,,,,330,10,80,67,103,ND,DSP,,,,ON,,OFF,3,2,8,,,,,,,,,,,dolphins widespread.  SCOOS line transect
SB,CC1207OS,7/16/2012,11:59,7/16/2012 11:59,7:00:00,7/16/2012 18:59,,,33.51733,-117.79283,AB,KW,G,7,PC,27,0,0,,190,8,3,1,50,AB,3,306,257,2.6,,,,,,,59,49,75,ND,DSP,,,,ON,,OFF,1,2,8,,,,,,,,,,,
SE,CC1207OS,7/16/2012,11:59,7/16/2012 11:59,7:00:00,7/16/2012 18:59,,,33.51733,-117.79283,AB,KW,G,7,PC,27,0,0,,190,8,3,1,50,AB,3,306,257,2.6,,,,,,,59,49,75,ND,DSP,,,,ON,,OFF,1,2,8,,,,,,,,,,,
SB,CC1207OS,7/16/2012,12:08,7/16/2012 12:08,7:00:00,7/16/2012 19:08,,,33.52867,-117.81217,AB,KW,G,7,PC,27,0,0,,190,8,3,1,51,AB,1,308,290,0.8,,,,,,,79,70,92,2,Dc,,,,ON,,OFF,1,4,,,Y,KW,40D,531,606,,,,,
SE,CC1207OS,7/16/2012,12:08,7/16/2012 12:08,7:00:00,7/16/2012 19:08,,,33.52867,-117.81217,AB,KW,G,7,PC,27,0,0,,190,8,3,1,51,AB,1,308,290,0.8,,,,,,,79,70,92,2,Dc,,,,ON,,OFF,1,4,,,Y,KW,40D,531,606,,,,,
SB,CC1207OS,7/16/2012,12:28,7/16/2012 12:28,7:00:00,7/16/2012 19:28,,,33.55867,-117.86467,AB,KW,G,7,CL,2,0,0,,190,8,3,1,52,KW,1,306,321,,4023,,,,275,15,585,540,630,ND,Dc,,,,ON,,OFF,1,2,4,8,Y,KW,40D,624,644,,,,,"sighted over stretch of 30 min of travel, large group, very dispersed.  Ended at 12:59"
SB,CC1207OS,7/16/2012,12:33,7/16/2012 12:33,7:00:00,7/16/2012 19:33,,,33.56433,-117.87517,AB,KW,G,7,CL,5,0,0,,190,8,3,1,53,KW,3,306,290,,330,,,,,,7,7,8,0,Dc,,,,ON,,OFF,2,5,,,Y,KW,40D,608,631,,,,,
SE,CC1207OS,7/16/2012,12:33,7/16/2012 12:33,7:00:00,7/16/2012 19:33,,,33.56433,-117.87517,AB,KW,G,7,CL,5,0,0,,190,8,3,1,53,KW,3,306,290,,330,,,,,,7,7,8,0,Dc,,,,ON,,OFF,2,5,,,Y,KW,40D,608,631,,,,,
SE,CC1207OS,7/16/2012,12:59,7/16/2012 12:59,7:00:00,7/16/2012 19:59,,,33.59383,-117.93817,AB,KW,G,7,CL,5,0,0,,190,8,3,1,52,KW,1,306,321,5.1,,,,,275,15,585,540,630,ND,Dc,,,,ON,,OFF,1,2,4,8,Y,KW,4OD,624,644,,,,,"sighted over stretch of 30 min of travel, large group, very dispersed.  Ended at 12:59"
SB,CC1207OS,7/16/2012,13:38,7/16/2012 13:38,7:00:00,7/16/2012 20:38,,,33.64500,-118.04367,AB,KW,G,7,CL,5,0,0,,190,8,3,1,54,KW,1,308,267,1,,,,,,,21,17,27,ND,Tt,,,,ON,,OFF,1,2,8,,,,,,,,,,,
SE,CC1207OS,7/16/2012,13:38,7/16/2012 13:38,7:00:00,7/16/2012 20:38,,,33.64500,-118.04367,AB,KW,G,7,CL,5,0,0,,190,8,3,1,54,KW,1,308,267,1,,,,,,,21,17,27,ND,Tt,,,,ON,,OFF,1,2,8,,,,,,,,,,,
SB,CC1207OS,7/16/2012,14:44,7/16/2012 14:44,7:00:00,7/16/2012 21:44,,,33.66717,-118.12733,AB,KW,G,7,CL,4,210,260,SL,207,7,3,2,55,AB,1,260,260,0.3,,,,,,,43,38,56,ND,UD,,,,ON,,OFF,2,2,,,,,,,,,,,,
SE,CC1207OS,7/16/2012,14:44,7/16/2012 14:44,7:00:00,7/16/2012 21:44,,,33.66717,-118.12733,AB,KW,G,7,CL,4,210,260,SL,207,7,3,2,55,AB,1,260,260,0.3,,,,,,,43,38,56,ND,UD,,,,ON,,OFF,2,2,,,,,,,,,,,,
SB,CC1207OS,7/16/2012,15:16,7/16/2012 15:16,7:00:00,7/16/2012 22:16,,,33.64667,-118.22550,AB,KW,G,7,CL,15,230,290,M,207,7,3,2,56,KW,1,264,264,0.8,,,,,,,118,110,130,ND,Dc,,,,ON,,OFF,2,4,2,,Y,KW,40D,709,810,,,,,
SE,CC1207OS,7/16/2012,15:16,7/16/2012 15:16,7:00:00,7/16/2012 22:16,,,33.64667,-118.22550,AB,KW,G,7,CL,15,230,290,M,207,7,3,2,56,KW,1,264,264,0.8,,,,,,,118,110,130,ND,Dc,,,,ON,,OFF,2,4,2,,Y,KW,40D,709,810,,,,,posible Tt in this school
SB,CC1207OS,7/16/2012,15:28,7/16/2012 15:28,7:00:00,7/16/2012 22:28,,,33.64417,-118.26200,AB,KW,G,7,PC,30,230,290,M,207,7,3,2,57,KW,1,276,294,0.6,,,,,,,20,14,30,ND,UD,,,,ON,,OFF,2,2,8,,,,,,,,,,,
SE,CC1207OS,7/16/2012,15:28,7/16/2012 15:28,7:00:00,7/16/2012 22:28,,,33.64417,-118.26200,AB,KW,G,7,PC,30,230,290,M,207,7,3,2,57,KW,1,276,294,0.6,,,,,,,20,14,30,ND,UD,,,,ON,,OFF,2,2,8,,,,,,,,,,,
SB,CC1207OS,7/16/2012,15:30,7/16/2012 15:30,7:00:00,7/16/2012 22:30,,,33.64417,-118.26783,AB,KW,G,7,PC,30,230,290,M,207,7,3,2,58,KW,3,276,352,,320,,,,,,15,12,19,ND,Tt,,,,ON,,OFF,2,1,,,,,,,,,,,,
SE,CC1207OS,7/16/2012,15:30,7/16/2012 15:30,7:00:00,7/16/2012 22:30,,,33.64417,-118.26783,AB,KW,G,7,PC,30,230,290,M,207,7,3,2,58,KW,3,276,352,,320,,,,,,15,12,19,ND,Tt,,,,ON,,OFF,2,1,,,,,,,,,,,,
SB,CC1207OS,7/16/2012,16:58,7/16/2012 16:58,7:00:00,7/16/2012 23:58,,,33.78417,-118.45533,AB,KW,G,7,PC,65,270,300,M,205,9,3,2,59,KW,1,12,12,0.8,,,,,,,16,13,19,ND,Tt,,,,ON,,OFF,2,8,,,,,,,,,,,,
SE,CC1207OS,7/16/2012,16:58,7/16/2012 16:58,7:00:00,7/16/2012 23:58,,,33.78417,-118.45533,AB,KW,G,7,PC,65,270,300,M,205,9,3,2,59,KW,1,12,12,0.8,,,,,,,16,13,19,ND,Tt,,,,ON,,OFF,2,8,,,,,,,,,,,,
SB,CC1207OS,7/16/2012,17:12,7/16/2012 17:12,7:00:00,7/17/2012 0:12,,,33.81950,-118.44967,AB,KW,G,7,PC,65,270,300,M,265,9,3,2,60,KW,1,2,47,,160,,,,,,23,18,26,0,Dc,,,,ON,,OFF,2,1,5,,Y,KW,40D,840,872,,,,,
SE,CC1207OS,7/16/2012,17:12,7/16/2012 17:12,7:00:00,7/17/2012 0:12,,,33.81950,-118.44967,AB,KW,G,7,PC,65,270,300,M,265,9,3,2,60,KW,1,2,47,,160,,,,,,23,18,26,0,Dc,,,,ON,,OFF,2,1,5,,Y,KW,40D,840,872,,,,,
SB,CC1207OS,7/16/2012,18:31,7/16/2012 18:31,7:00:00,7/17/2012 1:31,,,33.88500,-118.45050,AB,KW,F,7,PC,45,285,307,SE,245,8,3,2,61,KW,1,273,340,4,,,,,,,48,39,70,ND,DSP,,,,ON,,OFF,3,2,4,,,,,,,,,,,
SE,CC1207OS,7/16/2012,18:31,7/16/2012 18:31,7:00:00,7/17/2012 1:31,,,33.88500,-118.45050,AB,KW,F,7,PC,45,285,307,SE,245,8,3,2,61,KW,1,273,340,4,,,,,,,48,39,70,ND,DSP,,,,ON,,OFF,3,2,4,,,,,,,,,,,
SB,CC1207OS,7/16/2012,18:37,7/16/2012 18:37,7:00:00,7/17/2012 1:37,,,33.88500,-118.46933,AB,KW,F,7,PC,45,285,307,SE,245,8,3,2,62,AB,1,273,247,1.3,,,,,,,13,11,15,ND,UD,,,,ON,,OFF,3,2,,,,,,,,,,,,
SE,CC1207OS,7/16/2012,18:37,7/16/2012 18:37,7:00:00,7/17/2012 1:37,,,33.88500,-118.46933,AB,KW,F,7,PC,45,285,307,SE,245,8,3,2,62,AB,1,273,247,1.3,,,,,,,13,11,15,ND,UD,,,,ON,,OFF,3,2,,,,,,,,,,,,
SB,CC1207OS,7/17/2012,6:27,7/17/2012 6:27,7:00:00,7/17/2012 13:27,,,33.65922,-118.96120,AB,KW,G,6,OV,100,0,0,,203,4,2,1,63,KW,1,250,293,0.6,,,,,284,332,128,114,135,ND,DSP,,,,ON,,ON,,1,8,,,,,,,,,,,
SE,CC1207OS,7/17/2012,6:27,7/17/2012 6:27,7:00:00,7/17/2012 13:27,,,33.65922,-118.96120,AB,KW,G,6,OV,100,0,0,,203,4,2,1,63,KW,1,250,293,0.6,,,,,284,332,128,114,135,ND,DSP,,,,ON,,ON,,1,8,,,,,,,,,,,
SH,CC1207OS,7/17/2012,6:28,7/17/2012 6:28,7:00:00,7/17/2012 13:28,,,33.65826,-118.96360,AB,KW,G,6,OV,100,0,0,,203,4,2,2,SH5,,,247,248,0.1,,,,,,,,,,,,,,,ON,,ON,,,,,,,,,,,,,,SH5=TANKER--LARGE
SH,CC1207OS,7/17/2012,6:28,7/17/2012 6:28,7:00:00,7/17/2012 13:28,,,33.65826,-118.96360,AB,KW,G,6,OV,100,0,0,,203,4,2,2,SH4,,,247,279,0.1,,,,,,,,,,,,,,,ON,,ON,,,,,,,,,,,,,,SH4=CARGO SHIP--LARGE
SB,CC1207OS,7/17/2012,7:55,7/17/2012 7:55,7:00:00,7/17/2012 14:55,,,33.55650,-119.19367,AB,KW,G,6,OV,100,0,0,,203,4,2,2,64,AB,1,242,190,0.7,,,,,,,30,20,40,ND,UD,,,,ON,,ON,,2,4,,,,,,,,,,,
SE,CC1207OS,7/17/2012,7:55,7/17/2012 7:55,7:00:00,7/17/2012 14:55,,,33.55650,-119.19367,AB,KW,G,6,OV,100,0,0,,203,4,2,2,64,AB,1,242,190,0.7,,,,,,,30,20,40,ND,UD,,,,ON,,ON,,2,4,,,,,,,,,,,
SB,CC1207OS,7/17/2012,10:38,7/17/2012 10:38,7:00:00,7/17/2012 17:38,,,33.49400,-119.31850,,,G,6,PC,65,0,0,,203,6,2,2,65,LR,3,254,116,,482,,,,,,11,8,13,3,Gg,,,,OFF,3,ON,,1,8,,Y,LR,40D,933,956,,,,,on station--sighted by others
SE,CC1207OS,7/17/2012,10:38,7/17/2012 10:38,7:00:00,7/17/2012 17:38,,,33.49400,-119.31850,,,G,6,PC,65,0,0,,203,6,2,2,65,LR,3,254,116,,482,,,,,,11,8,13,3,Gg,,,,OFF,3,ON,,1,8,,Y,LR,40D,933,956,,,,,on station--sighted by others
SB,CC1207OS,7/17/2012,11:47,7/17/2012 11:47,7:00:00,7/17/2012 18:47,,,33.50817,-119.32433,AB,KW,G,7,PC,51,200,250,SL,205,7,3,2,66,AB,1,240,280,1.2,,,,,,,47,43,55,3,DSP,,,,ON,,ON,,2,4,,,,,,,,,,,"Leaving station 87-45, going to station 87-50."
SE,CC1207OS,7/17/2012,11:47,7/17/2012 11:47,7:00:00,7/17/2012 18:47,,,33.50817,-119.32433,AB,KW,G,7,PC,51,200,250,SL,205,7,3,2,66,AB,1,240,280,1.2,,,,,,,47,43,55,3,DSP,,,,ON,,ON,,2,4,,,,,,,,,,,"Leaving station 87-45, going to station 87-50."
SB,CC1207OS,7/17/2012,11:56,7/17/2012 11:56,7:00:00,7/17/2012 18:56,,,33.49733,-119.34700,AB,KW,G,7,PC,51,100,250,SL,203,7,3,2,67,AB,1,240,182,1,,,,,,,14,12,17,ND,UD,,,,ON,,ON,,4,,,,,,,,,,,,
SE,CC1207OS,7/17/2012,11:56,7/17/2012 11:56,7:00:00,7/17/2012 18:56,,,33.49733,-119.34700,AB,KW,G,7,PC,51,100,250,SL,203,7,3,2,67,AB,1,240,182,1,,,,,,,14,12,17,ND,UD,,,,ON,,ON,,4,,,,,,,,,,,,
SH,CC1207OS,7/17/2012,12:02,7/17/2012 12:02,7:00:00,7/17/2012 19:02,,,33.49143,-119.35900,AB,KW,G,7,PC,51,100,250,SL,203,7,3,2,SH6,,,240,187,0.1,,,,,,,,,,,,,,,ON,,ON,,,,,,,,,,,,,,SH6 = tanker
SB,CC1207OS,7/17/2012,12:11,7/17/2012 12:11,7:00:00,7/17/2012 19:11,,,33.47983,-119.38283,AB,KW,G,7,PC,51,100,250,SL,203,7,3,2,68,KW,1,240,240,1.5,,,,,,,24,17,30,1,DSP,,,,ON,,ON,,4,,,Y,KW,40D,959,988,,,,,
SE,CC1207OS,7/17/2012,12:11,7/17/2012 12:11,7:00:00,7/17/2012 19:11,,,33.47983,-119.38283,AB,KW,G,7,PC,51,100,250,SL,203,7,3,2,68,KW,1,240,240,1.5,,,,,,,24,17,30,1,DSP,,,,ON,,ON,,4,,,Y,KW,40D,959,988,,,,,
SB,CC1207OS,7/17/2012,12:18,7/17/2012 12:18,7:00:00,7/17/2012 19:18,,,33.47217,-119.39850,AB,KW,G,6,OV,0,0,,,203,7,3,2,69,AB,1,240,258,,450,,,,,,4,3,5,0,DSP,,,,ON,,ON,,1,,,,,,,,,,,,Almost sure long-beaked
SE,CC1207OS,7/17/2012,12:18,7/17/2012 12:18,7:00:00,7/17/2012 19:18,,,33.47217,-119.39850,AB,KW,G,6,OV,0,0,,,203,7,3,2,69,AB,1,240,258,,450,,,,,,4,3,5,0,DSP,,,,ON,,ON,,1,,,,,,,,,,,,Almost sure long-beaked
SB,CC1207OS,7/17/2012,13:59,7/17/2012 13:59,7:00:00,7/17/2012 20:59,,,33.33050,-119.64550,AB,KW,G,6,OV,97,0,0,,185,5,2,2,70,AB,1,241,196,0.6,,,,,,,28,25,33,ND,DSP,,,,ON,,ON,,4,,,,,,,,,,,,
SE,CC1207OS,7/17/2012,13:59,7/17/2012 13:59,7:00:00,7/17/2012 20:59,,,33.33050,-119.64550,AB,KW,G,6,OV,97,0,0,,185,5,2,2,70,AB,1,241,196,0.6,,,,,,,28,25,33,ND,DSP,,,,ON,,ON,,4,,,,,,,,,,,,
SB,CC1207OS,7/17/2012,17:25,7/17/2012 17:25,7:00:00,7/18/2012 0:25,,,33.28867,-119.74017,AB,KW,G,6,OV,99,0,0,,194,4,2,2,71,KW,3,249,283,,265,,,,,,3,3,4,ND,Tt,,,,ON,,ON,,1,,,Y,KW,40D,990,996,,,,,
SE,CC1207OS,7/17/2012,17:25,7/17/2012 17:25,7:00:00,7/18/2012 0:25,,,33.28867,-119.74017,AB,KW,G,6,OV,99,0,0,,194,4,2,2,71,KW,3,249,283,,265,,,,,,3,3,4,ND,Tt,,,,ON,,ON,,1,,,Y,KW,40D,990,996,,,,,
SB,CC1207OS,7/17/2012,18:50,7/17/2012 18:50,7:00:00,7/18/2012 1:50,,,33.17683,-119.96200,AB,KW,G,6,OV,99,0,0,,200,5,2,2,72,KW,3,250,319,1.1,,,,,,,3,3,5,ND,UD,,,,ON,,ON,,1,4,,,,,,,,,,,most likely DSP
SE,CC1207OS,7/17/2012,18:50,7/17/2012 18:50,7:00:00,7/18/2012 1:50,,,33.17683,-119.96200,AB,KW,G,6,OV,99,0,0,,200,5,2,2,72,KW,3,250,319,1.1,,,,,,,3,3,5,ND,UD,,,,ON,,ON,,1,4,,,,,,,,,,,most likely DSP
SB,CC1207OS,7/18/2012,8:15,7/18/2012 8:15,7:00:00,7/18/2012 15:15,,,32.65300,-121.02850,AB,KW,G,7,OV,100,0,0,,304,3,1,3,73,KW,3,269,269,14,,,,,175,340,167,140,184,10,Dd,,,,ON,,ON,,1,5,,Y,KW,40D,998,1066,AB,,44,44,
SE,CC1207OS,7/18/2012,8:39,7/18/2012 8:39,7:00:00,7/18/2012 15:39,,,32.62550,-121.08233,AB,KW,G,7,OV,100,0,0,,304,3,2,3,73,KW,3,243,243,14,,,,,175,340,167,140,184,10,Dd,,,,ON,,ON,,1,5,,,,,,,,,,,
SB,CC1207OS,7/18/2012,9:47,7/18/2012 9:47,7:00:00,7/18/2012 16:47,,,32.53517,-121.25383,AB,KW,G,7,OV,100,0,0,,304,5,2,3,74,KW,1,247,302,0.6,,,,,,,26,25,44,ND,Dd,Lb,68,32,ON,,ON,,1,8,5,Y,KW,40D,1069,1248,AB,,45,73,Dds mixed school with Lbs (originally sighting 75)
SE,CC1207OS,7/18/2012,9:47,7/18/2012 9:47,7:00:00,7/18/2012 16:47,,,32.53517,-121.25383,AB,KW,G,7,OV,100,0,0,,304,5,2,3,74,KW,1,247,302,0.6,,,,,,,26,25,44,ND,Dd,Lb,68,32,ON,,ON,,1,8,5,Y,KW,40D,1069,1248,AB,,45,73,Dds mixed school with Lbs (originally sighting 75)
SB,CC1207OS,7/18/2012,10:09,7/18/2012 10:09,7:00:00,7/18/2012 17:09,,,32.50833,-121.30633,AB,KW,G,7,OV,100,0,0,,304,5,2,3,76,AB,3,247,187,3.8,,,,,,,8,5,9,0,Dd,,,,ON,,ON,,2,8,,,,,,,AB,,75,81,
SE,CC1207OS,7/18/2012,10:09,7/18/2012 10:09,7:00:00,7/18/2012 17:09,,,32.50833,-121.30633,AB,KW,G,7,OV,100,0,0,,304,5,2,3,76,AB,3,247,187,3.8,,,,,,,8,5,9,0,Dd,,,,ON,,ON,,2,8,,,,,,,AB,,75,81,
SB,CC1207OS,7/18/2012,10:53,7/18/2012 10:53,7:00:00,7/18/2012 17:53,,,32.45467,-121.42633,AB,KW,G,7,OV,100,0,0,,304,8,3,4,77,KW,3,250,243,2.6,,,,,,,27,18,35,ND,DSP,,,,ON,,ON,,1,9,,,,,,,,,,,
SE,CC1207OS,7/18/2012,10:53,7/18/2012 10:53,7:00:00,7/18/2012 17:53,,,32.45467,-121.42633,AB,KW,G,7,OV,100,0,0,,304,8,3,4,77,KW,3,250,243,2.6,,,,,,,27,18,35,ND,DSP,,,,ON,,ON,,1,9,,,,,,,,,,,
SB,CC1207OS,7/18/2012,12:12,7/18/2012 12:12,7:00:00,7/18/2012 19:12,,,32.36217,-121.63417,AB,KW,G,7,OV,100,0,0,,324,8,3,4,78,KW,3,250,283,3,,,,,,,10,9,11,ND,Dd,,,,ON,,ON,,9,,,,,,,,,,,,
SE,CC1207OS,7/18/2012,12:12,7/18/2012 12:12,7:00:00,7/18/2012 19:12,,,32.36217,-121.63417,AB,KW,G,7,OV,100,0,0,,324,8,3,4,78,KW,3,250,283,3,,,,,,,10,9,11,ND,Dd,,,,ON,,ON,,9,,,,,,,,,,,,
SB,CC1207OS,7/18/2012,15:15,7/18/2012 15:15,7:00:00,7/18/2012 22:15,,,32.25732,-121.84300,AB,KW,G,7,PC,55,0,0,,338,8,3,4,79,AB,2,244,236,0.3,,,,,,,1,1,2,0,Bm,,,,ON,,ON,,1,,,Y,KW,40D,1253,1270,,,,,
SE,CC1207OS,7/18/2012,15:15,7/18/2012 15:15,7:00:00,7/18/2012 22:15,,,32.25732,-121.84300,AB,KW,G,7,PC,55,0,0,,338,8,3,4,79,AB,2,244,236,0.3,,,,,,,1,1,2,0,Bm,,,,ON,,ON,,1,,,Y,KW,40D,1253,1270,,,,,
SB,CC1207OS,7/18/2012,15:41,7/18/2012 15:41,7:00:00,7/18/2012 22:41,,,32.22067,-121.91467,AB,KW,G,7,PC,70,0,0,,338,7,3,4,80,KW,1,242,296,0.6,,,,,,,53,44,68,5,Dd,,,,ON,,ON,,2,8,5,Y,KW,40D,1273,1386,,,,,
SE,CC1207OS,7/18/2012,15:41,7/18/2012 15:41,7:00:00,7/18/2012 22:41,,,32.22067,-121.91467,AB,KW,G,7,PC,70,0,0,,338,7,3,4,80,KW,1,242,296,0.6,,,,,,,53,44,68,5,Dd,,,,ON,,ON,,2,8,5,Y,KW,40D,1273,1386,,,,,
SH,CC1207OS,7/18/2012,16:13,7/18/2012 16:13,7:00:00,7/18/2012 23:13,,,32.17917,-122.00417,AB,KW,G,7,PC,68,0,0,,338,7,3,4,SH7,KW,3,245,159,0.1,,,,,,,4,3,5,0,Dd,,,,ON,,ON,,2,8,5,,,,,,,,,,LARGE TANKER
SB,CC1207OS,7/18/2012,16:13,7/18/2012 16:13,7:00:00,7/18/2012 23:13,,,32.17917,-122.00417,AB,KW,G,7,PC,68,0,0,,338,7,3,4,81,KW,3,245,344,,120,,,,,,4,3,5,0,Dd,,,,ON,,ON,,2,8,5,,,,,,,,,,
SE,CC1207OS,7/18/2012,16:13,7/18/2012 16:13,7:00:00,7/18/2012 23:13,,,32.17917,-122.00417,AB,KW,G,7,PC,68,0,0,,338,7,3,4,81,KW,3,245,344,,120,,,,,,4,3,5,0,Dd,,,,ON,,ON,,2,8,5,,,,,,,,,,
SB,CC1207OS,7/18/2012,18:24,7/18/2012 18:24,7:00:00,7/19/2012 1:24,,,32.00800,-122.35900,AB,KW,F,6,PC,68,270,300,SL,345,13,4,5,82,KW,1,241,223,1.2,,,,,,,43,37,45,0,Dd,,,,ON,,ON,,2,8,5,,,,,,AB,,83,111,
SE,CC1207OS,7/18/2012,18:24,7/18/2012 18:24,7:00:00,7/19/2012 1:24,,,32.00800,-122.35900,AB,KW,F,6,PC,68,270,300,SL,345,13,4,5,82,KW,1,241,223,1.2,,,,,,,43,37,45,0,Dd,,,,ON,,ON,,2,8,5,,,,,,AB,,83,111,
SH,CC1207OS,7/19/2012,8:38,7/19/2012 8:38,7:00:00,7/19/2012 15:38,,,31.29833,-123.74600,AB,KW,F,7,OV,82,0,0,,339,13,4,5,SH8,,,347,13,0.1,,,,,,,,,,,,,,,ON,,OFF,2,,,,,,,,,,,,,large tanker
SH,CC1207OS,7/19/2012,11:03,7/19/2012 11:03,7:00:00,7/19/2012 18:03,,,31.59350,-123.95383,AB,KW,F,7,PC,62,0,0,,354,15,4,5,SH9,,,348,12,0.1,,,,,,,,,,,,,,,ON,,OFF,2,,,,,,,,,,,,,LARGE SHIP
SB,CC1207OS,7/19/2012,16:54,7/19/2012 16:54,7:00:00,7/19/2012 23:54,,,32.02133,-123.93700,AB,KW,G,7,PC,68,0,0,,356,7,3,5,83,AB,2,62,13,0.6,,,,,,,1,1,1,0,ULW,,,,ON,,ON,,1,,,,,,,,,,,,"85% sure blue whale, but possibly sperm whale"
SE,CC1207OS,7/19/2012,16:54,7/19/2012 16:54,7:00:00,7/19/2012 23:54,,,32.02133,-123.93700,AB,KW,G,7,PC,68,0,0,,356,7,3,5,83,AB,2,62,13,0.6,,,,,,,1,1,1,0,ULW,,,,ON,,ON,,1,,,,,,,,,,,,"85% sure blue whale, but possibly sperm whale"
SB,CC1207OS,7/19/2012,17:15,7/19/2012 17:15,7:00:00,7/20/2012 0:15,,,32.04733,-123.88217,AB,KW,G,7,PC,40,0,0,,356,7,3,5,84,KW,2,64,123,5,,,,,,,1,1,1,0,ULW,,,,ON,,ON,,1,,,,,,,,,,,,charging out of the water--possible blue or fin whale
SE,CC1207OS,7/19/2012,17:15,7/19/2012 17:15,7:00:00,7/20/2012 0:15,,,32.04733,-123.88217,AB,KW,G,7,PC,40,0,0,,356,7,3,5,84,KW,2,64,123,5,,,,,,,1,1,1,0,ULW,,,,ON,,ON,,1,,,,,,,,,,,,charging out of the water--possible blue or fin whale
SB,CC1207OS,7/19/2012,18:36,7/19/2012 18:36,7:00:00,7/20/2012 1:36,,,32.15517,-123.67600,AB,KW,G,7,OV,83,0,0,,356,7,3,5,85,KW,1,64,107,0.6,,,,,,,46,34,59,ND,DSP,,,,ON,,ON,,2,,,,,,,,,,,,
SE,CC1207OS,7/19/2012,18:36,7/19/2012 18:36,7:00:00,7/20/2012 1:36,,,32.15517,-123.67600,AB,KW,G,7,OV,83,0,0,,356,7,3,5,85,KW,1,64,107,0.6,,,,,,,46,34,59,ND,DSP,,,,ON,,ON,,2,,,,,,,,,,,,
SB,CC1207OS,7/20/2012,8:19,7/20/2012 8:19,7:00:00,7/20/2012 15:19,,,32.89667,-122.13800,AB,KW,P,6,OV,100,0,0,,351,19,5,5,86,KW,2,31,73,1.2,,,,,,,1,1,1,0,ULW,,,,ON,,ON,,1,,,,,,,,,,,,Most likely fin whale
SE,CC1207OS,7/20/2012,8:19,7/20/2012 8:19,7:00:00,7/20/2012 15:19,,,32.89667,-122.13800,AB,KW,P,6,OV,100,0,0,,351,19,5,5,86,KW,2,31,73,1.2,,,,,,,1,1,1,0,ULW,,,,ON,,ON,,1,,,,,,,,,,,,Most likely fin whale
SB,CC1207OS,7/20/2012,11:28,7/20/2012 11:28,7:00:00,7/20/2012 18:28,,,32.90500,-122.02967,AB,KW,P,6,OV,100,0,0,,354,22,5,6,87,AB,3,60,60,,15,,,,,,45,32,53,0,Lo,,,,OFF,7,ON,,1,8,"2, 5",Y,KW,40D,1,129,AB,,112,247,Sighting off effort because on station and seen by acoustician.  Later joined by sighting 88 (Dall's porpoise)
SB,CC1207OS,7/20/2012,12:12,7/20/2012 12:12,7:00:00,7/20/2012 19:12,,,32.96096,-121.92220,AB,KW,P,6,OV,100,0,0,,354,22,5,6,88,UNK,3,58,58,,10,,,,,,2,2,3,0,PD,,,,OFF,7,ON,,2,5,,Y,KW,40D,1,129,AB,,233,247,"Dall's came in and joined sighting 87 (Lags), and were seen swimming/bowriding side by side.  Sighted by Mike, so off effort"
SE,CC1207OS,7/20/2012,12:20,7/20/2012 12:20,7:00:00,7/20/2012 19:20,,,32.97182,-121.90320,AB,KW,P,6,OV,100,0,0,,354,22,5,6,88,UNK,3,58,58,,10,,,,,,2,2,3,0,PD,,,,OFF,7,ON,,2,5,,Y,KW,40D,1,129,AB,,233,247,"Dall's came in and joined sighting 87 (Lags), and were seen swimming/bowriding side by side.  Sighted by Mike, so off effort"
SE,CC1207OS,7/20/2012,13:34,7/20/2012 13:34,7:00:00,7/20/2012 20:34,,,33.07403,-121.72880,AB,KW,P,6,OV,100,0,0,,354,22,5,7,87,AB,3,58,60,,10,,,,,,45,32,53,0,Lo,,,,ON,,ON,,1,8,"2, 5",,,,,,,,,,approx 5 animals bowriding since 11:28
SB,CC1207OS,7/20/2012,13:54,7/20/2012 13:54,7:00:00,7/20/2012 20:54,,,33.10200,-121.68317,KW,KW,UX,6,OV,100,0,0,,354,24,6,7,89,KW,2,56,92,1,,,,,,,1,1,1,0,ULW,,,,OFF,2A,ON,,1,,,,,,,,,,,,large blow--blue or fin whale
SE,CC1207OS,7/20/2012,13:54,7/20/2012 13:54,7:00:00,7/20/2012 20:54,,,33.10200,-121.68317,KW,KW,UX,6,OV,100,0,0,,354,24,6,7,89,KW,2,56,92,1,,,,,,,1,1,1,0,ULW,,,,OFF,2A,ON,,1,,,,,,,,,,,,large blow--blue or fin whale
SB,CC1207OS,7/20/2012,14:36,7/20/2012 14:36,7:00:00,7/20/2012 21:36,,,33.15967,-121.59233,KW,KW,UX,6,OV,100,0,0,,345,24,6,7,90,KW,2,56,118,,320,,,,,,22,17,26,0,Dd,,,,OFF,2A,ON,,2,5,8,,,,,,,,,,
SE,CC1207OS,7/20/2012,14:36,7/20/2012 14:36,7:00:00,7/20/2012 21:36,,,33.15967,-121.59233,KW,KW,UX,6,OV,100,0,0,,345,24,6,7,90,KW,2,56,118,,320,,,,,,22,17,26,0,Dd,,,,OFF,2A,ON,,2,5,8,,,,,,,,,,
SB,CC1207OS,7/20/2012,15:16,7/20/2012 15:16,7:00:00,7/20/2012 22:16,,,33.21483,-121.50317,KW,KW,UX,6,OV,100,0,0,,345,24,6,7,91,KW,2,60,44,0.75,,,,,,,1,1,2,ND,Bp,,,,OFF,2A,ON,,1,,,,,,,,,,,,
SE,CC1207OS,7/20/2012,15:16,7/20/2012 15:16,7:00:00,7/20/2012 22:16,,,33.21483,-121.50317,KW,KW,UX,6,OV,100,0,0,,345,24,6,7,91,KW,2,60,44,0.75,,,,,,,1,1,2,ND,Bp,,,,OFF,2A,ON,,1,,,,,,,,,,,,
SB,CC1207OS,7/20/2012,15:27,7/20/2012 15:27,7:00:00,7/20/2012 22:27,,,33.22833,-121.47667,KW,KW,UX,6,OV,100,0,0,,345,24,6,7,93,KW,2,60,320,0.6,,,,,,,1,1,1,ND,ULW,,,,OFF,2A,ON,,1,,,,,,,,,,,,blow like fin or blue
SE,CC1207OS,7/20/2012,15:27,7/20/2012 15:27,7:00:00,7/20/2012 22:27,,,33.22833,-121.47667,KW,KW,UX,6,OV,100,0,0,,345,24,6,7,93,KW,2,60,320,0.6,,,,,,,1,1,1,ND,ULW,,,,OFF,2A,ON,,1,,,,,,,,,,,,blow like fin or blue
SB,CC1207OS,7/20/2012,15:27,7/20/2012 15:27,7:00:00,7/20/2012 22:27,,,33.22833,-121.47667,KW,KW,UX,6,OV,100,0,0,,345,24,6,7,92,UNK,2,60,354,0.1,,,,,,,1,1,2,ND,ULW,,,,OFF,2A,ON,,1,,,,,,,,,,,,blow like fin or blue
SE,CC1207OS,7/20/2012,15:27,7/20/2012 15:27,7:00:00,7/20/2012 22:27,,,33.22833,-121.47667,KW,KW,UX,6,OV,100,0,0,,345,24,6,7,92,UNK,2,60,354,0.1,,,,,,,1,1,2,ND,ULW,,,,OFF,2A,ON,,1,,,,,,,,,,,,blow like fin or blue
SB,CC1207OS,7/20/2012,18:40,7/20/2012 18:40,7:00:00,7/21/2012 1:40,,,33.26633,-121.34950,AB,AB,UX,6,OV,100,0,0,,334,23,6,7,94,AB,3,59,16,,160,,,,,,18,15,21,0,Dd,,,,OFF,2A,ON,,2,8,5,,,,,,,,,,
SE,CC1207OS,7/20/2012,18:40,7/20/2012 18:40,7:00:00,7/21/2012 1:40,,,33.26633,-121.34950,AB,AB,UX,6,OV,100,0,0,,334,23,6,7,94,AB,3,59,16,,160,,,,,,18,15,21,0,Dd,,,,OFF,2A,ON,,2,8,5,,,,,,,,,,
SB,CC1207OS,7/20/2012,19:06,7/20/2012 19:06,7:00:00,7/21/2012 2:06,,,33.30350,-121.28550,AB,AB,UX,6,OV,100,0,0,,334,23,6,7,95,AB,3,59,352,,804,,,,,,1,1,2,0,ULW,,,,OFF,2A,ON,,1,,,,,,,,,,,,large blow--fin or blue
SE,CC1207OS,7/20/2012,19:06,7/20/2012 19:06,7:00:00,7/21/2012 2:06,,,33.30350,-121.28550,AB,AB,UX,6,OV,100,0,0,,334,23,6,7,95,AB,3,59,352,,804,,,,,,1,1,2,0,ULW,,,,OFF,2A,ON,,1,,,,,,,,,,,,large blow--fin or blue
SB,CC1207OS,7/20/2012,19:26,7/20/2012 19:26,7:00:00,7/21/2012 2:26,,,33.32950,-121.24217,AB,AB,UX,6,OV,100,0,0,,334,23,6,7,96,AB,2,56,343,0.4,,,,,,,1,1,1,0,ULW,,,,OFF,2A,ON,,1,,,,,,,,,,,,large blow like fin or blue whale
SE,CC1207OS,7/20/2012,19:26,7/20/2012 19:26,7:00:00,7/21/2012 2:26,,,33.32950,-121.24217,AB,AB,UX,6,OV,100,0,0,,334,23,6,7,96,AB,2,56,343,0.4,,,,,,,1,1,1,0,ULW,,,,OFF,2A,ON,,1,,,,,,,,,,,,large blow like fin or blue whale
SB,CC1207OS,7/21/2012,9:36,7/21/2012 9:36,7:00:00,7/21/2012 16:36,,,33.87000,-119.98667,AB,KW,F,5,LF,30,55,130,SE,275,13,3,3,97,AB,1,83,8,1.2,,,,,,,8,6,10,ND,DSP,,,,ON,,ON,,1,2,,,,,,,,,,,
SE,CC1207OS,7/21/2012,9:36,7/21/2012 9:36,7:00:00,7/21/2012 16:36,,,33.87000,-119.98667,AB,KW,F,5,LF,30,55,130,SE,275,13,3,3,97,AB,1,83,8,1.2,,,,,,,8,6,10,ND,DSP,,,,ON,,ON,,1,2,,,,,,,,,,,
SB,CC1207OS,7/21/2012,9:40,7/21/2012 9:40,7:00:00,7/21/2012 16:40,,,33.87667,-119.97300,AB,KW,F,5,LF,30,55,130,SE,275,13,3,3,98,AB,1,83,12,1.2,,,,,,,24,19,32,ND,DSP,,,,ON,,ON,,2,,,,,,,,,,,,
SE,CC1207OS,7/21/2012,9:40,7/21/2012 9:40,7:00:00,7/21/2012 16:40,,,33.87667,-119.97300,AB,KW,F,5,LF,30,55,130,SE,275,13,3,3,98,AB,1,83,12,1.2,,,,,,,24,19,32,ND,DSP,,,,ON,,ON,,2,,,,,,,,,,,,
SB,CC1207OS,7/21/2012,10:42,7/21/2012 10:42,7:00:00,7/21/2012 17:42,,,33.90583,-119.79267,AB,KW,P,5,HZ,50,75,150,SE,320,10,4,3,99,KW,1,78,60,0.6,,,,,,,12,8,15,ND,UD,,,,ON,,ON,,8,,,,,,,,,,,,"mostly likely Rissos, possibly Tt"
SE,CC1207OS,7/21/2012,10:42,7/21/2012 10:42,7:00:00,7/21/2012 17:42,,,33.90583,-119.79267,AB,KW,P,5,HZ,50,75,150,SE,320,10,4,3,99,KW,1,78,60,0.6,,,,,,,12,8,15,ND,UD,,,,ON,,ON,,8,,,,,,,,,,,,"mostly likely Rissos, possibly Tt"
SB,CC1207OS,7/21/2012,10:55,7/21/2012 10:55,7:00:00,7/21/2012 17:55,,,33.91283,-119.75700,AB,KW,P,5,HZ,50,75,150,SE,320,10,4,3,101,KW,1,78,42,,1287,,,,,,7,5,8,0,Tt,,,,ON,,ON,,4,,,,KW,40D,62,131,,,,,"Tursiops in area with large group of Dc(sighting 100), may be some pics included with photos of sighting 100"
SE,CC1207OS,7/21/2012,10:55,7/21/2012 10:55,7:00:00,7/21/2012 17:55,,,33.91283,-119.75700,AB,KW,P,5,HZ,50,75,150,SE,320,10,4,3,101,KW,1,78,42,,1287,,,,,,7,5,8,0,Tt,,,,ON,,ON,,4,,,,KW,40D,62,131,,,,,"Tursiops in area with large group of Dc(sighting 100), may be some pics included with photos of sighting 100"
SB,CC1207OS,7/21/2012,10:55,7/21/2012 10:55,7:00:00,7/21/2012 17:55,,,33.91283,-119.75700,AB,KW,P,5,HZ,50,75,150,SE,320,10,4,3,100,AB,1,78,68,1.4,,,,,25,70,245,192,300,ND,Dc,,,,ON,,ON,,4,2,5,,KW,40D,62,131,AB,,1,16,
SE,CC1207OS,7/21/2012,11:51,7/21/2012 11:51,7:00:00,7/21/2012 18:51,,,33.94267,-119.61433,AB,KW,F,5,HZ,50,65,125,SL,320,5,2,2,100,AB,1,78,355,,1609,,,,,,245,192,300,ND,Dc,,,,ON,,ON,,4,2,5,,,,,,,,,,
SB,CC1207OS,7/21/2012,12:15,7/21/2012 12:15,7:00:00,7/21/2012 19:15,,,33.96614,-119.53250,AB,KW,G,5,HZ,60,65,125,SL,320,3,1,2,102,AB,1,78,42,0.5,,,,,,,38,33,46,ND,DSP,,,,ON,,ON,,4,,,,,,,,,,,,
SE,CC1207OS,7/21/2012,12:15,7/21/2012 12:15,7:00:00,7/21/2012 19:15,,,33.96614,-119.53250,AB,KW,G,5,HZ,60,65,125,SL,320,3,1,2,102,AB,1,78,42,0.5,,,,,,,38,33,46,ND,DSP,,,,ON,,ON,,4,,,,,,,,,,,,
SB,CC1207OS,7/21/2012,12:15,7/21/2012 12:15,7:00:00,7/21/2012 19:15,,,33.96614,-119.53250,AB,KW,G,5,HZ,60,65,125,SL,320,3,1,2,104,KW,1,78,106,1,,,,,,,26,18,30,ND,DSP,,,,ON,,ON,,4,1,,,,,,,,,,,
SE,CC1207OS,7/21/2012,12:15,7/21/2012 12:15,7:00:00,7/21/2012 19:15,,,33.96614,-119.53250,AB,KW,G,5,HZ,60,65,125,SL,320,3,1,2,104,KW,1,78,106,1,,,,,,,26,18,30,ND,DSP,,,,ON,,ON,,4,1,,,,,,,,,,,
SB,CC1207OS,7/21/2012,12:15,7/21/2012 12:15,7:00:00,7/21/2012 19:15,,,33.96614,-119.53250,AB,KW,G,5,HZ,60,65,125,SL,320,3,1,2,103,KW,1,78,134,2.4,,,,,,,3,3,4,0,DSP,,,,ON,,ON,,4,,,,,,,,,,,,
SE,CC1207OS,7/21/2012,12:15,7/21/2012 12:15,7:00:00,7/21/2012 19:15,,,33.96614,-119.53250,AB,KW,G,5,HZ,60,65,125,SL,320,3,1,2,103,KW,1,78,134,2.4,,,,,,,3,3,4,0,DSP,,,,ON,,ON,,4,,,,,,,,,,,,
SB,CC1207OS,7/21/2012,12:27,7/21/2012 12:27,7:00:00,7/21/2012 19:27,,,33.97678,-119.49720,AB,KW,G,5,HZ,60,66,125,SL,320,3,1,2,105,KW,1,84,120,0.7,,,,,,,70,58,92,ND,DSP,,,,ON,,ON,,4,1,,,,,,,,,,,
SE,CC1207OS,7/21/2012,12:27,7/21/2012 12:27,7:00:00,7/21/2012 19:27,,,33.97678,-119.49720,AB,KW,G,5,HZ,60,66,125,SL,320,3,1,2,105,KW,1,84,120,0.7,,,,,,,70,58,92,ND,DSP,,,,ON,,ON,,4,1,,,,,,,,,,,
SB,CC1207OS,7/21/2012,12:28,7/21/2012 12:28,7:00:00,7/21/2012 19:28,,,33.97767,-119.49380,AB,KW,G,6,HZ,30,0,0,,310,13,4,3,106,AB,1,354,48,2.5,,,,,,,52,43,60,ND,DSP,,,,ON,,ON,,2,,,,,,,,,,,,
SE,CC1207OS,7/21/2012,12:28,7/21/2012 12:28,7:00:00,7/21/2012 19:28,,,33.97767,-119.49380,AB,KW,G,6,HZ,30,0,0,,310,13,4,3,106,AB,1,354,48,2.5,,,,,,,52,43,60,ND,DSP,,,,ON,,ON,,2,,,,,,,,,,,,
SB,CC1207OS,7/21/2012,13:41,7/21/2012 13:41,7:00:00,7/21/2012 20:41,,,34.17483,-119.50633,AB,KW,,,,,,,,,,,,PINN27,,,,,,,,,,,,38,38,38,0,ZaCa,,,,ON,,ON,,,,,,,,,,,,,,Accumulative near shore Zaca count
SB,CC1207OS,7/21/2012,16:00,7/21/2012 16:00,7:00:00,7/21/2012 23:00,,,34.19400,-119.47617,KW,AB,F,6,HZ,10,0,0,,310,16,4,4,107,KW,1,42,47,1,,,,,,,40,32,48,2,Dd,,,,ON,,ON,,4,2,,,KW,40D,270,298,,,,,
SE,CC1207OS,7/21/2012,16:00,7/21/2012 16:00,7:00:00,7/21/2012 23:00,,,34.19400,-119.47617,KW,AB,F,6,HZ,10,0,0,,310,16,4,4,107,KW,1,42,47,1,,,,,,,40,32,48,2,Dd,,,,ON,,ON,,4,2,,,KW,40D,270,298,,,,,
SB,CC1207OS,7/21/2012,18:49,7/21/2012 18:49,7:00:00,7/22/2012 1:49,,,34.26183,-119.38983,AB,KW,P,4,LF,20,255,300,SE,304,18,5,4,108,KW,1,282,309,0.7,,,,,220,336,112,90,128,ND,DSP,,,,ON,,OFF,1,2,4,,,,,,,,,,,
SE,CC1207OS,7/21/2012,18:49,7/21/2012 18:49,7:00:00,7/22/2012 1:49,,,34.26183,-119.38983,AB,KW,P,4,LF,20,255,300,SE,304,18,5,4,108,KW,1,282,309,0.7,,,,,220,336,112,90,128,ND,DSP,,,,ON,,OFF,1,2,4,,,,,,,,,,,
SB,CC1207OS,7/21/2012,19:07,7/21/2012 19:07,7:00:00,7/22/2012 2:07,,,34.26150,-119.43833,AB,KW,P,4,LF,20,255,300,SE,304,18,5,4,109,KW,1,280,2,,1207,,,,,,15,9,20,ND,DSP,,,,ON,,OFF,1,4,,,,,,,,,,,,
SE,CC1207OS,7/21/2012,19:07,7/21/2012 19:07,7:00:00,7/22/2012 2:07,,,34.26150,-119.43833,AB,KW,P,4,LF,20,255,300,SE,304,18,5,4,109,KW,1,280,2,,1207,,,,,,15,9,20,ND,DSP,,,,ON,,OFF,1,4,,,,,,,,,,,,
SB,CC1207OS,7/22/2012,7:37,7/22/2012 7:37,7:00:00,7/22/2012 14:37,,,34.39433,-119.67350,AB,KW,G,6,OV,100,0,0,,249,5,2,3,110,AB,3,214,220,,255,,,,,,8,6,10,0,Dd,,,,ON,,OFF,1,1,,,,,,,,,,,,"Begin day.  Transiting from SCCOOS 81.7-43.5 to station 80-51, non-standard coastal transect"
SE,CC1207OS,7/22/2012,7:37,7/22/2012 7:37,7:00:00,7/22/2012 14:37,,,34.39433,-119.67350,AB,KW,G,6,OV,100,0,0,,249,5,2,3,110,AB,3,214,220,,255,,,,,,8,6,10,0,Dd,,,,ON,,OFF,1,1,,,,,,,,,,,,"Begin day.  Transiting from SCCOOS 81.7-43.5 to station 80-51, non-standard coastal transect"
SB,CC1207OS,7/22/2012,7:47,7/22/2012 7:47,7:00:00,7/22/2012 14:47,,,34.36450,-119.71733,AB,KW,G,6,OV,100,0,0,,249,5,2,3,111,KW,3,277,294,0.6,,,,,,,25,17,30,0,Dd,,,,ON,,OFF,1,4,1,,,,,,,,,,,Array in water
SE,CC1207OS,7/22/2012,7:47,7/22/2012 7:47,7:00:00,7/22/2012 14:47,,,34.36450,-119.71733,AB,KW,G,6,OV,100,0,0,,249,5,2,3,111,KW,3,277,294,0.6,,,,,,,25,17,30,0,Dd,,,,ON,,OFF,1,4,1,,,,,,,,,,,Array in water
SH,CC1207OS,7/22/2012,10:38,7/22/2012 10:38,7:00:00,7/22/2012 17:38,,,34.38783,-120.27400,AB,KW,P,6,OV,100,0,0,,202,14,4,4,SH10,,,292,218,0.1,,,,,,,,,,,,,,,ON,,OFF,1,,,,,,,,,,,,,SH10 = LARGE TANKER
SB,CC1207OS,7/22/2012,11:43,7/22/2012 11:43,7:00:00,7/22/2012 18:43,,,34.40567,-120.47617,AB,KW,P,6,OV,98,0,0,,315,15,4,5,112,KW,1,323,309,1.8,,,,,250,20,427,380,461,1,Dd,,,,ON,,OFF,1,2,4,5,,,,,,,,,,"accumulative nearshore ZACA count, w/in 50 miles of shore"
SE,CC1207OS,7/22/2012,11:43,7/22/2012 11:43,7:00:00,7/22/2012 18:43,,,34.40567,-120.47617,AB,KW,P,6,OV,98,0,0,,315,15,4,5,112,KW,1,323,309,1.8,,,,,250,20,427,380,461,1,Dd,,,,ON,,OFF,1,2,4,5,,,,,,,,,,
SB,CC1207OS,7/23/2012,7:29,7/23/2012 7:29,7:00:00,7/23/2012 14:29,,,33.66193,-122.08920,KW,KW,P,6,OV,100,0,0,,330,18,5,8,113,KW,3,250,276,6,,,,,198,302,165,163,185,2,Dc,,,,OFF,2A,ON,,2,5,8,,,,,,,,,,
SE,CC1207OS,7/23/2012,7:29,7/23/2012 7:29,7:00:00,7/23/2012 14:29,,,33.66193,-122.08920,KW,KW,P,6,OV,100,0,0,,330,18,5,8,113,KW,3,250,276,6,,,,,198,302,165,163,185,2,Dc,,,,OFF,2A,ON,,2,5,8,,,,,,,,,,
SB,CC1207OS,7/23/2012,8:30,7/23/2012 8:30,7:00:00,7/23/2012 15:30,,,33.59817,-122.26317,AB,KW,P,6,OV,100,0,0,,330,18,5,8,114,AB,1,259,208,6.5,,,,,,,8,6,10,2,Dc,,,,ON,,ON,,2,5,8,,,,,,AB,,19,21,
SE,CC1207OS,7/23/2012,8:30,7/23/2012 8:30,7:00:00,7/23/2012 15:30,,,33.59817,-122.26317,AB,KW,P,6,OV,100,0,0,,330,18,5,8,114,AB,1,259,208,6.5,,,,,,,8,6,10,2,Dc,,,,ON,,ON,,2,5,8,,,,,,AB,,19,21,
SB,CC1207OS,7/23/2012,13:39,7/23/2012 13:39,7:00:00,7/23/2012 20:39,,,33.40235,-122.69510,AB,KW,P,6,OV,100,0,0,,315,14,4,8,115,AB,1,268,204,1.7,,,,,,,550,470,620,ND,Dd,,,,ON,,ON,,2,8,5,,KW,40D,317,658,AB,,23,130,
SE,CC1207OS,7/23/2012,14:12,7/23/2012 14:12,7:00:00,7/23/2012 21:12,,,33.35543,-122.77920,AB,KW,P,6,OV,100,0,0,,315,14,4,8,115,AB,1,268,268,5 METERS,,,,,,,550,470,620,ND,Dd,,,,ON,,ON,,2,8,5,,,,,,,,,,Possible dc too??
SB,CC1207OS,7/23/2012,15:04,7/23/2012 15:04,7:00:00,7/23/2012 22:04,,,33.28759,-122.91760,AB,KW,P,6,OV,100,0,0,,318,18,5,8,116,AB,1,254,227,2.6,,,,,,,16,14,19,ND,DSP,,,,ON,,ON,,2,,,,,,,,,,,,
SE,CC1207OS,7/23/2012,15:04,7/23/2012 15:04,7:00:00,7/23/2012 22:04,,,33.28759,-122.91760,AB,KW,P,6,OV,100,0,0,,318,18,5,8,116,AB,1,254,227,2.6,,,,,,,16,14,19,ND,DSP,,,,ON,,ON,,2,,,,,,,,,,,,
SB,CC1207OS,7/24/2012,15:46,7/24/2012 15:46,7:00:00,7/24/2012 22:46,,,33.77983,-123.49783,AB,KW,F,6,OV,100,0,0,,343,12,3,8,117,KW,2,57,88,1.2,,,,,,,1,1,1,0,Bm,,,,ON,,ON,,1,,,Y,KW,40D,14,15,,,,,
SE,CC1207OS,7/24/2012,15:46,7/24/2012 15:46,7:00:00,7/24/2012 22:46,,,33.77983,-123.49783,AB,KW,F,6,OV,100,0,0,,343,12,3,8,117,KW,2,57,88,1.2,,,,,,,1,1,1,0,Bm,,,,ON,,ON,,1,,,Y,KW,40D,14,15,,,,,
SB,CC1207OS,7/25/2012,7:18,7/25/2012 7:18,7:00:00,7/25/2012 14:18,,,34.61333,-121.77283,AB,KW,F,6,OV,100,0,0,,35,4,2,6,118,KW,4,59,144,1,,,,,,,7,7,8,1,Oo,,,,ON,,ON,,1,,,,,,,,,,,,"Second group at reticle 1.5, bearing 286.  Group #2 makeup = 1-2 large females, 1 small calf, 1 juvenile, and 1 male-type. Group listed for sighting into was 2 males."
SE,CC1207OS,7/25/2012,7:18,7/25/2012 7:18,7:00:00,7/25/2012 14:18,,,34.61333,-121.77283,AB,KW,F,6,OV,100,0,0,,35,4,2,6,118,KW,4,59,144,1,,,,,,,7,7,8,1,Oo,,,,ON,,ON,,1,,,,,,,,,,,,"Second group at reticle 1.5, bearing 286.  Group #2 makeup = 1-2 large females, 1 small calf, 1 juvenile, and 1 male-type. Group listed for sighting into was 2 males."
SB,CC1207OS,7/25/2012,12:02,7/25/2012 12:02,7:00:00,7/25/2012 19:02,,,34.72150,-121.54833,AB,KW,G,6,OV,100,0,0,,310,3,1,5,119,AB,3,66,12,0.5,,,,,,,1,1,1,0,Bp,,,,OFF,1,ON,,4,1,,,,,,,,,,,On-station sighting while looking for blue whale.
SE,CC1207OS,7/25/2012,12:02,7/25/2012 12:02,7:00:00,7/25/2012 19:02,,,34.72150,-121.54833,AB,KW,G,6,OV,100,0,0,,310,3,1,5,119,AB,3,66,12,0.5,,,,,,,1,1,1,0,Bp,,,,OFF,1,ON,,4,1,,,,,,,,,,,On-station sighting while looking for blue whale.
SB,CC1207OS,7/25/2012,12:02,7/25/2012 12:02,7:00:00,7/25/2012 19:02,,,34.72150,-121.54833,AB,KW,G,6,OV,100,0,0,,310,3,1,5,120,KW,3,66,30,0.3,,,,,,,1,1,1,0,Bm,,,,OFF,1,ON,,1,34,,,,,,,,,,,Acoustician notified observers to look for blue whale
SE,CC1207OS,7/25/2012,12:02,7/25/2012 12:02,7:00:00,7/25/2012 19:02,,,34.72150,-121.54833,AB,KW,G,6,OV,100,0,0,,310,3,1,5,120,KW,3,66,30,0.3,,,,,,,1,1,1,0,Bm,,,,OFF,1,ON,,1,34,,,,,,,,,,,Acoustician notified observers to look for blue whale
SB,CC1207OS,7/25/2012,16:25,7/25/2012 16:25,7:00:00,7/25/2012 23:25,,,34.92967,-121.10783,AB,KW,G,7,PC,55,0,0,,285,5,2,4,121,KW,1,72,146,0.3,,,,,,,7,7,15,ND,UD,,,,ON,,ON,,8,2,,,,,,,,,,,
SE,CC1207OS,7/25/2012,16:25,7/25/2012 16:25,7:00:00,7/25/2012 23:25,,,34.92967,-121.10783,AB,KW,G,7,PC,55,0,0,,285,5,2,4,121,KW,1,72,146,0.3,,,,,,,7,7,15,ND,UD,,,,ON,,ON,,8,2,,,,,,,,,,,
SB,CC1207OS,7/25/2012,18:31,7/25/2012 18:31,7:00:00,7/26/2012 1:31,,,35.02550,-120.91067,AB,KW,G,7,PC,30,0,0,,285,4,2,4,122,AB,2,66,155,,1609,,,,,,2,2,2,0,Bm,,,,OFF,1,ON,,2,,,KW,,40D,47,61,,,,,Sighted on station.  
SE,CC1207OS,7/25/2012,18:31,7/25/2012 18:31,7:00:00,7/26/2012 1:31,,,35.02550,-120.91067,AB,KW,G,7,PC,30,0,0,,285,4,2,4,122,AB,2,66,155,,1609,,,,,,2,2,2,0,Bm,,,,OFF,1,ON,,2,,,KW,,40D,47,61,,,,,Sighted on station.  
SB,CC1207OS,7/26/2012,7:24,7/26/2012 7:24,7:00:00,7/26/2012 14:24,,,34.19046,-119.98760,AB,KW,G,6,OV,100,0,0,,305,5,2,2,123,KW,1,114,10,8,,,1,14,60,190,1344,1201,1438,24,Dc,Gg,99,1,ON,,OFF,4,4,2,"5,8,1",,,,,,AB,,20,25,"Gg originally called sighting #126, no Gg calves"
SB,CC1207OS,7/26/2012,7:24,7/26/2012 7:24,7:00:00,7/26/2012 14:24,,,34.19046,-119.98760,AB,KW,G,6,OV,100,0,0,,305,5,2,2,124,KW,3,114,163,0.5,,,,,,,2,2,2,0,Bm,,,,ON,,OFF,4,1,4,34,,,,,,,,,,
SE,CC1207OS,7/26/2012,7:24,7/26/2012 7:24,7:00:00,7/26/2012 14:24,,,34.19046,-119.98760,AB,KW,G,6,OV,100,0,0,,305,5,2,2,124,KW,3,114,163,0.5,,,,,,,2,2,2,0,Bm,,,,ON,,OFF,4,1,4,34,,,,,,,,,,
SB,CC1207OS,7/26/2012,7:24,7/26/2012 7:24,7:00:00,7/26/2012 14:24,,,34.19046,-119.98760,AB,KW,G,6,OV,100,0,0,,305,5,2,2,125,AB,3,114,180,0.4,,,,,,,3,3,3,0,MN,,,,ON,,OFF,4,1,4,34,,,,,,,,,,
SE,CC1207OS,7/26/2012,7:24,7/26/2012 7:24,7:00:00,7/26/2012 14:24,,,34.19046,-119.98760,AB,KW,G,6,OV,100,0,0,,305,5,2,2,125,AB,3,114,180,0.4,,,,,,,3,3,3,0,MN,,,,ON,,OFF,4,1,4,34,,,,,,,,,,
SE,CC1207OS,7/26/2012,9:18,7/26/2012 9:18,7:00:00,7/26/2012 16:18,,,34.10986,-119.67400,AB,KW,G,6,OV,100,0,0,,305,4,2,2,123,KW,3,108,73,8,,,0.3,14,60,190,1344,1201,1438,24,Dc,Gg,99,1,ON,,OFF,4,1,2,"4, 5",,,,,,AB,,20,25,"sighting was observed for 2 hours; Gg originally called sighting #126, no Gg calves"
SB,CC1207OS,7/26/2012,9:40,7/26/2012 9:40,7:00:00,7/26/2012 16:40,,,34.09650,-119.61200,AB,KW,G,5,OV,100,0,0,,305,4,2,2,127,AB,3,107,130,2.4,,,,,70,125,71,64,79,ND,Dc,,,,ON,,OFF,4,1,5,,,,,,,,,,,large container ship
SE,CC1207OS,7/26/2012,9:40,7/26/2012 9:40,7:00:00,7/26/2012 16:40,,,34.09650,-119.61200,AB,KW,G,5,OV,100,0,0,,305,4,2,2,127,AB,3,107,130,2.4,,,,,70,125,71,64,79,ND,Dc,,,,ON,,OFF,4,1,5,,,,,,,,,,,large container ship
SH,CC1207OS,7/26/2012,9:40,7/26/2012 9:40,7:00:00,7/26/2012 16:40,,,34.09650,-119.61200,AB,KW,G,5,OV,100,0,0,,305,4,2,2,SH11,,,108,78,0.1,,,,,,,,,,,,,,,ON,,OFF,4,,,,,,,,,,,,,large container ship
SB,CC1207OS,7/26/2012,10:10,7/26/2012 10:10,7:00:00,7/26/2012 17:10,,,34.08283,-119.54983,AB,KW,F,5,HZ,100,0,0,,305,4,2,2,128,AB,3,108,29,0.9,,,,,,,12,10,15,ND,DSP,,,,ON,,OFF,4,2,8,,,,,,,,,,,
SE,CC1207OS,7/26/2012,10:10,7/26/2012 10:10,7:00:00,7/26/2012 17:10,,,34.08283,-119.54983,AB,KW,F,5,HZ,100,0,0,,305,4,2,2,128,AB,3,108,29,0.9,,,,,,,12,10,15,ND,DSP,,,,ON,,OFF,4,2,8,,,,,,,,,,,
SH,CC1207OS,7/26/2012,10:10,7/26/2012 10:10,7:00:00,7/26/2012 17:10,,,34.08283,-119.54983,AB,KW,F,5,HZ,100,0,0,,305,4,2,2,SH12,,,108,73,0.1,,,,,,,,,,,,,,,ON,,OFF,4,,,,,,,,,,,,,large cargo ship
SB,CC1207OS,7/26/2012,10:18,7/26/2012 10:18,7:00:00,7/26/2012 17:18,,,34.07883,-119.51233,AB,KW,F,5,HZ,100,0,0,,305,4,2,2,129,AB,3,108,100,0.3,,,,,,,37,32,45,ND,DSP,,,,ON,,OFF,4,2,,,,,,,,,,,,
SE,CC1207OS,7/26/2012,10:18,7/26/2012 10:18,7:00:00,7/26/2012 17:18,,,34.07883,-119.51233,AB,KW,F,5,HZ,100,0,0,,305,4,2,2,129,AB,3,108,100,0.3,,,,,,,37,32,45,ND,DSP,,,,ON,,OFF,4,2,,,,,,,,,,,,
SB,CC1207OS,7/26/2012,10:26,7/26/2012 10:26,7:00:00,7/26/2012 17:26,,,34.07483,-119.49050,AB,KW,F,5,HZ,100,0,0,,305,4,2,2,130,KW,3,108,122,1.3,,,1,8,72,140,143,130,150,ND,Dc,,,,ON,,OFF,4,2,5,,,,,,,,,,,
SE,CC1207OS,7/26/2012,10:26,7/26/2012 10:26,7:00:00,7/26/2012 17:26,,,34.07483,-119.49050,AB,KW,F,5,HZ,100,0,0,,305,4,2,2,130,KW,3,108,122,1.3,,,1,8,72,140,143,130,150,ND,Dc,,,,ON,,OFF,4,2,5,,,,,,,,,,,
SB,CC1207OS,7/26/2012,11:16,7/26/2012 11:16,7:00:00,7/26/2012 18:16,,,34.03583,-119.35933,AB,KW,F,5,HZ,100,0,0,,,2,1,2,131,AB,3,117,67,0.3,,,,,,,39,35,46,ND,DSP,,,,ON,,OFF,4,2,8,,,,,,,,,,,
SE,CC1207OS,7/26/2012,11:16,7/26/2012 11:16,7:00:00,7/26/2012 18:16,,,34.03583,-119.35933,AB,KW,F,5,HZ,100,0,0,,,2,1,2,131,AB,3,117,67,0.3,,,,,,,39,35,46,ND,DSP,,,,ON,,OFF,4,2,8,,,,,,,,,,,
SB,CC1207OS,7/26/2012,11:22,7/26/2012 11:22,7:00:00,7/26/2012 18:22,,,34.03333,-119.34317,AB,KW,F,5,HZ,100,0,0,,,2,1,2,132,KW,3,117,163,0.4,,,,,,,59,56,63,ND,DSP,,,,ON,,OFF,4,8,4,,,,,,,,,,,
SE,CC1207OS,7/26/2012,11:22,7/26/2012 11:22,7:00:00,7/26/2012 18:22,,,34.03333,-119.34317,AB,KW,F,5,HZ,100,0,0,,,2,1,2,132,KW,3,117,163,0.4,,,,,,,59,56,63,ND,DSP,,,,ON,,OFF,4,8,4,,,,,,,,,,,
SB,CC1207OS,7/26/2012,11:37,7/26/2012 11:37,7:00:00,7/26/2012 18:37,,,34.02200,-119.30133,AB,KW,F,5,HZ,100,0,0,,,2,1,2,133,KW,3,122,204,0.5,,,,,,,34,28,38,ND,Tt,,,,OFF,,OFF,4,1,8,,,,,,,,,,,
SE,CC1207OS,7/26/2012,11:37,7/26/2012 11:37,7:00:00,7/26/2012 18:37,,,34.02200,-119.30133,AB,KW,F,5,HZ,100,0,0,,,2,1,2,133,KW,3,122,204,0.5,,,,,,,34,28,38,ND,Tt,,,,OFF,,OFF,4,1,8,,,,,,,,,,,
SB,CC1207OS,7/26/2012,12:40,7/26/2012 12:40,7:00:00,7/26/2012 19:40,,,33.95733,-119.15133,AB,KW,G,5,PC,27,50,75,SL,280,3,1,2,134,AB,1,126,66,2.1,,,,,,,14,12,18,ND,DSP,,,,ON,,OFF,4,2,,,,,,,,,,,,
SE,CC1207OS,7/26/2012,12:40,7/26/2012 12:40,7:00:00,7/26/2012 19:40,,,33.95733,-119.15133,AB,KW,G,5,PC,27,50,75,SL,280,3,1,2,134,AB,1,126,66,2.1,,,,,,,14,12,18,ND,DSP,,,,ON,,OFF,4,2,,,,,,,,,,,,
SB,CC1207OS,7/26/2012,13:14,7/26/2012 13:14,7:00:00,7/26/2012 20:14,,,33.92233,-119.06917,AB,KW,G,5,PC,26,0,0,,280,3,1,2,135,KW,1,134,76,2.4,,,,,,,5,5,6,ND,DSP,,,,ON,,OFF,4,4,,,,,,,,,,,,
SE,CC1207OS,7/26/2012,13:14,7/26/2012 13:14,7:00:00,7/26/2012 20:14,,,33.92233,-119.06917,AB,KW,G,5,PC,26,0,0,,280,3,1,2,135,KW,1,134,76,2.4,,,,,,,5,5,6,ND,DSP,,,,ON,,OFF,4,4,,,,,,,,,,,,
SB,CC1207OS,7/26/2012,13:26,7/26/2012 13:26,7:00:00,7/26/2012 20:26,,,33.90983,-119.04183,AB,KW,G,6,CL,5,0,0,,280,3,1,2,136,AB,1,126,97,0.4,,,,,,,22,17,25,ND,DSP,,,,ON,,OFF,4,4,,,,,,,,,,,,
SE,CC1207OS,7/26/2012,13:26,7/26/2012 13:26,7:00:00,7/26/2012 20:26,,,33.90983,-119.04183,AB,KW,G,6,CL,5,0,0,,280,3,1,2,136,AB,1,126,97,0.4,,,,,,,22,17,25,ND,DSP,,,,ON,,OFF,4,4,,,,,,,,,,,,
SB,CC1207OS,7/26/2012,14:47,7/26/2012 14:47,7:00:00,7/26/2012 21:47,,,33.81383,-118.86300,AB,KW,G,7,CL,0,0,0,,280,8,3,2,137,AB,1,128,86,0.4,,,,,,,280,240,320,ND,DSP,,,,ON,,OFF,4,2,8,,,,,,,,,,,
SE,CC1207OS,7/26/2012,14:47,7/26/2012 14:47,7:00:00,7/26/2012 21:47,,,33.81383,-118.86300,AB,KW,G,7,CL,0,0,0,,280,8,3,2,137,AB,1,128,86,0.4,,,,,,,280,240,320,ND,DSP,,,,ON,,OFF,4,2,8,,,,,,,,,,,
SH,CC1207OS,7/26/2012,15:03,7/26/2012 15:03,7:00:00,7/26/2012 22:03,,,33.79383,-118.82150,AB,AB,,,,,,,,,,,,SH13,,,127,28,0.1,,,,,,,,,,,,,,,ON,,OFF,4,,,,,,,,,,,,,"Large, evil-looking military ship (Warship#2)"
SB,CC1207OS,7/26/2012,16:12,7/26/2012 16:12,7:00:00,7/26/2012 23:12,,,33.71050,-118.64050,AB,KW,G,7,CL,0,0,0,,280,10,4,2,138,KW,1,125,134,0.8,,,,,,,67,63,75,0,Dd,,,,ON,,OFF,4,2,8,,Y,KW,40D,195,222,AB,,63,81,
SE,CC1207OS,7/26/2012,16:12,7/26/2012 16:12,7:00:00,7/26/2012 23:12,,,33.71050,-118.64050,AB,KW,G,7,CL,0,0,0,,280,10,4,2,138,KW,1,125,134,0.8,,,,,,,67,63,75,0,Dd,,,,ON,,OFF,4,2,8,,Y,KW,40D,195,222,AB,,63,81,
SH,CC1207OS,7/26/2012,17:03,7/26/2012 17:03,7:00:00,7/27/2012 0:03,,,33.64033,-118.50367,AB,KW,G,7,CL,0,0,0,,280,12,4,3,SH14,,,138,56,1,,,,,,,,,,,,,,,ON,,OFF,4,,,,,,,,,,,,,"Large, RO-RO ship"
