W,CalCOFI0501NH,1/4/2005,8:15,1/4/2005 8:15,8:00:00,1/4/2005 16:15,,,32.62150,-117.26267,DLC,EVM,P,1,LR,100,,,,,,2,2,,,,,,,,,,,,,,,,,,,,,ON,,OFF,,,,,,,,,,,,,,"Entering the San Diego Channel   Beginning an off effort survey, heading to 1st station "
W,CalCOFI0501NH,1/4/2005,9:48,1/4/2005 9:48,8:00:00,1/4/2005 17:48,,,32.73467,-117.32567,DLC,EVM,G,10,OV,95,,,,,,2,2,,,,338,,,,,,,,,,,,,,,,,OFF,,OFF,,,,,,,,,,,,,,Stopped obs for drill for 15 minutes
W,CalCOFI0501NH,1/4/2005,10:06,1/4/2005 10:06,8:00:00,1/4/2005 18:06,,,32.77533,-117.32583,EVM,DLC,G,10,OV,95,,,,,,2,2,,,,,,,,,,,,,,,,,,,,,ON,,OFF,,,,,,,,,,,,,,
W,CalCOFI0501NH,1/4/2005,11:00,1/4/2005 11:00,8:00:00,1/4/2005 19:00,,,32.94333,-117.30667,EVM,DLC,G,10,OV,95,,,,,,2,2,,,,,,,,,,,,,,,,,,,,,ON,,OFF,,,,,,,,,,,,,,
W,CalCOFI0501NH,1/4/2005,11:10,1/4/2005 11:10,8:00:00,1/4/2005 19:10,,,32.95550,-117.30633,EVM,DLC,G,10,OV,95,,,,,,2,2,,,,,,,,,,,,,,,,,,,,,OFF,,OFF,,,,,,,,,,,,,,Station 93.26.3
W,CalCOFI0501NH,1/4/2005,13:11,1/4/2005 13:11,8:00:00,1/4/2005 21:11,,,32.95550,-117.30633,EVM,DLC,E,10,PC,70,,,,,,2,1,,,,,,,,,,,,,,,,,,,,,OFF,,OFF,,,,,,,,,,,,,,Station 93 26.4
W,CalCOFI0501NH,1/4/2005,13:20,1/4/2005 13:20,8:00:00,1/4/2005 21:20,,,32.94900,-117.27617,EVM,DLC,E,10,PC,70,,,,,,2,1,,,,,,,,,,,,,,,,,,,,,OFF,,OFF,,,,,,,,,,,,,,
W,CalCOFI0501NH,1/4/2005,14:12,1/4/2005 14:12,8:00:00,1/4/2005 22:12,,,32.94983,-117.28383,DLC,EVM,G,10,OV,90,,,,,,1,2,,,,248,,,,,,,,,,,,,,,,,ON,,OFF,,,,,,,,,,,,,,Heading SW to station 93.30
W,CalCOFI0501NH,1/4/2005,14:30,1/4/2005 14:30,8:00:00,1/4/2005 22:30,,,32.92917,-117.34483,DLC,EVM,G,10,OV,90,,,,,,1,2,,,,224,,,,,,,,,,,,,,,,,ON,,OFF,,,,,,,,,,,,,,
W,CalCOFI0501NH,1/4/2005,14:50,1/4/2005 14:50,8:00:00,1/4/2005 22:50,,,32.90283,-117.38117,DLC,EVM,E,10,PC,65,,,,,,2,2,,,,,,,,,,,,,,,,,,,,,OFF,,OFF,,,,,,,,,,,,,,Third station
W,CalCOFI0501NH,1/4/2005,17:00,1/4/2005 17:00,8:00:00,1/5/2005 1:00,,,32.90283,-117.38117,DLC,EVM,E,10,PC,65,,,,,,2,2,,,,,,,,,,,,,,,,,,,,,OFF,,OFF,,,,,,,,,,,,,,Sunset
W,CalCOFI0501NH,1/5/2005,7:00,1/5/2005 7:00,8:00:00,1/5/2005 15:00,,,32.41450,-118.40250,DLC,EVM,E,8,PC,45,,,,,,1,3,,,,264,,,,,,,,,,,,,,,,,ON,,ON,,,,,,,,,,,,,,"In mid transit between station 93.40 and 93.45. Slowed down to throw in sonobuoy, resumed speed at 7:04 am"
W,CalCOFI0501NH,1/5/2005,7:30,1/5/2005 7:30,8:00:00,1/5/2005 15:30,,,32.38050,-118.47533,DLC,EVM,E,8,PC,45,,,,,,1,3,,,,,,,,,,,,,,,,,,,,,ON,,ON,,,,,,,,,,,,,,
W,CalCOFI0501NH,1/5/2005,7:47,1/5/2005 7:47,8:00:00,1/5/2005 15:47,,,32.35733,-118.52283,DLC,EVM,E,8,PC,30,,,,,,1,3,,,,,,,,,,,,,,,,,,,,,OFF,,ON,,,,,,,,,,,,,,Station 93.45
W,CalCOFI0501NH,1/5/2005,10:22,1/5/2005 10:22,8:00:00,1/5/2005 18:22,,,32.35200,-118.57950,DLC,EVM,E,10,PC,20,,,,,,1,3,,,,229,,,,,,,,,,,,,,,,,ON,,ON,,,,,,,,,,,,,,Heading to station 93.50
W,CalCOFI0501NH,1/5/2005,10:30,1/5/2005 10:30,8:00:00,1/5/2005 18:30,,,32.33933,-118.60100,DLC,EVM,E,10,PC,20,,,,,,1,3,,,,239,,,,,,,,,,,,,,,,,ON,,ON,,,,,,,,,,,,,,
W,CalCOFI0501NH,1/5/2005,11:00,1/5/2005 11:00,8:00:00,1/5/2005 19:00,,,32.29217,-118.68200,DLC,EVM,E,10,PC,20,,,,,,1,3,,,,239,,,,,,,,,,,,,,,,,ON,,ON,,,,,,,,,,,,,,
W,CalCOFI0501NH,1/5/2005,11:30,1/5/2005 11:30,8:00:00,1/5/2005 19:30,,,32.24450,-118.76600,DLC,EVM,E,10,PC,20,,,,,,1,3,,,,235,,,,,,,,,,,,,,,,,ON,,ON,,,,,,,,,,,,,,
W,CalCOFI0501NH,1/5/2005,12:00,1/5/2005 12:00,8:00:00,1/5/2005 20:00,,,32.19650,-118.84867,DLC,EVM,E,10,PC,20,,,,,,1,3,,,,229,,,,,,,,,,,,,,,,,OFF,,ON,,,,,,,,,,,,,,"Reducing speed ~4knots, coming into station 93.50"
W,CalCOFI0501NH,1/5/2005,12:45,1/5/2005 12:45,8:00:00,1/5/2005 20:45,,,32.17867,-118.88400,DLC,EVM,E,10,PC,20,,,,,,1,3,,,,,,,,,,,,,,,,,,,,,OFF,,ON,,,,,,,,,,,,,,Station 93.50
W,CalCOFI0501NH,1/5/2005,14:37,1/5/2005 14:37,8:00:00,1/5/2005 22:37,,,32.15583,-118.93133,EVM,DLC,G,7,PC,70,,,,,,1,3,,,,243,,,,,,,,,,,,,,,,,ON,,ON,,,,,,,,,,,,,,"Departing station 93.50, heading for station 93.55"
W,CalCOFI0501NH,1/5/2005,15:00,1/5/2005 15:00,8:00:00,1/5/2005 23:00,,,32.12550,-118.99750,EVM,DLC,G,7,PC,70,,,,,,1,3,,,,237,,,,,,,,,,,,,,,,,ON,,ON,,,,,,,,,,,,,,
W,CalCOFI0501NH,1/5/2005,15:30,1/5/2005 15:30,8:00:00,1/5/2005 23:30,,,32.08417,-119.08800,EVM,DLC,G,7,PC,70,,,,,,1,3,,,,245,,,,,,,,,,,,,,,,,ON,,ON,,,,,,,,,,,,,,
W,CalCOFI0501NH,1/5/2005,16:00,1/5/2005 16:00,8:00:00,1/6/2005 0:00,,,32.04233,-119.17633,DLC,EVM,G,7,PC,75,,,,,,1,3,,,,,,,,,,,,,,,,,,,,,ON,,ON,,,,,,,,,,,,,,
W,CalCOFI0501NH,1/5/2005,16:11,1/5/2005 16:11,8:00:00,1/6/2005 0:11,,,32.02617,-119.20767,DLC,EVM,G,7,PC,75,,,,,,1,3,,,,,,,,,,,,,,,,,,,,,OFF,,ON,,,,,,,,,,,,,,"Slowing down (2.1 knots) to pull in array, coming into station 93.55"
W,CalCOFI0501NH,1/5/2005,16:28,1/5/2005 16:28,8:00:00,1/6/2005 0:28,,,32.01550,-119.23017,DLC,EVM,G,7,OV,90,,,,,,1,3,,,,,,,,,,,,,,,,,,,,,OFF,,ON,,,,,,,,,,,,,,Station 93.55
W,CalCOFI0501NH,1/6/2005,6:55,1/6/2005 6:55,8:00:00,1/6/2005 14:55,,,31.30250,-120.67017,EVM,DLC,G,7,OV,90,,,,,,1,3,,,,,,,,,,,,,,,,,,,,,OFF,,ON,,,,,,,,,,,,,,Off effort sighting of ~8 Dsp. Travelling and bow riding 
W,CalCOFI0501NH,1/6/2005,7:00,1/6/2005 7:00,8:00:00,1/6/2005 15:00,,,31.30250,-120.67017,EVM,DLC,G,7,OV,80,,,,,,1,2,,,,242,,,,,,,,,,,,,,,,,ON,,ON,,,,,,,,,,,,,,"Beginning survey mid transit, bearing 242 degrees"
W,CalCOFI0501NH,1/6/2005,7:46,1/6/2005 7:46,8:00:00,1/6/2005 15:46,,,31.23700,-120.80500,EVM,DLC,E,10,PC,50,,,,,,1,2,,,,242,,,,,,,,,,,,,,,,,ON,,ON,,,,,,,,,,,,,,
W,CalCOFI0501NH,1/6/2005,8:03,1/6/2005 8:03,8:00:00,1/6/2005 16:03,,,31.21283,-120.85417,EVM,DLC,E,10,PC,50,,,,,,1,2,,,,,,,,,,,,,,,,,,,,,ON,,ON,,,,,,,,,,,,,,
W,CalCOFI0501NH,1/6/2005,8:16,1/6/2005 8:16,8:00:00,1/6/2005 16:16,,,31.19567,-120.88950,EVM,DLC,E,10,PC,50,,,,,,1,2,,,,,,,,,,,,,,,,,,,,,OFF,,ON,,,,,,,,,,,,,,"Slowing down (~3-4knots), assisting acoustics with array"
W,CalCOFI0501NH,1/6/2005,8:45,1/6/2005 8:45,8:00:00,1/6/2005 16:45,,,31.18117,-120.91700,EVM,DLC,E,10,PC,50,,,,,,1,2,,,,,,,,,,,,,,,,,,,,,OFF,,ON,,,,,,,,,,,,,,Station 93.80
W,CalCOFI0501NH,1/6/2005,10:50,1/6/2005 10:50,8:00:00,1/6/2005 18:50,,,31.16850,-120.95333,DLC,EVM,E,10,PC,50,,,,,,1,2,,,,240,,,,,,,,,,,,,,,,,ON,,ON,,,,,,,,,,,,,,Bearing 240
W,CalCOFI0501NH,1/6/2005,11:30,1/6/2005 11:30,8:00:00,1/6/2005 19:30,,,31.11367,-121.06233,DLC,EVM,E,10,PC,50,,,,,,1,2,,,,240,,,,,,,,,,,,,,,,,ON,,ON,,,,,,,,,,,,,,
W,CalCOFI0501NH,1/6/2005,11:50,1/6/2005 11:50,8:00:00,1/6/2005 19:50,,,31.08800,-121.11833,DLC,EVM,E,10,PC,35,,,,,,2,2,,,,,,,,,,,,,,,,,,,,,ON,,ON,,,,,,,,,,,,,,
W,CalCOFI0501NH,1/6/2005,12:00,1/6/2005 12:00,8:00:00,1/6/2005 20:00,,,31.07467,-121.14350,EVM,DLC,E,10,PC,35,,,,,,2,2,,,,240,,,,,,,,,,,,,,,,,ON,,ON,,,,,,,,,,,,,,
W,CalCOFI0501NH,1/6/2005,12:30,1/6/2005 12:30,8:00:00,1/6/2005 20:30,,,31.03367,-121.22133,EVM,DLC,E,10,PC,35,,,,,,2,2,,,,240,,,,,,,,,,,,,,,,,ON,,ON,,,,,,,,,,,,,,
W,CalCOFI0501NH,1/6/2005,13:00,1/6/2005 13:00,8:00:00,1/6/2005 21:00,,,30.99033,-121.30333,EVM,DLC,E,10,PC,20,,,,,,3,2,,,,237,,,,,,,,,,,,,,,,,ON,,ON,,,,,,,,,,,,,,
W,CalCOFI0501NH,1/6/2005,13:30,1/6/2005 13:30,8:00:00,1/6/2005 21:30,,,30.95083,-121.38050,EVM,DLC,E,10,PC,60,,,,,,2,2,,,,240,,,,,,,,,,,,,,,,,ON,,ON,,,,,,,,,,,,,,
W,CalCOFI0501NH,1/6/2005,14:15,1/6/2005 14:15,8:00:00,1/6/2005 22:15,,,30.88817,-121.49283,EVM,DLC,E,10,OV,75,,,,,,2,2,,,,240,,,,,,,,,,,,,,,,,ON,,ON,,,,,,,,,,,,,,
W,CalCOFI0501NH,1/6/2005,14:30,1/6/2005 14:30,8:00:00,1/6/2005 22:30,,,30.86817,-121.53217,EVM,DLC,E,9,OV,75,,,,,,2,2,,,,240,,,,,,,,,,,,,,,,,ON,,ON,,,,,,,,,,,,,,
W,CalCOFI0501NH,1/6/2005,14:36,1/6/2005 14:36,8:00:00,1/6/2005 22:36,,,30.86150,-121.54600,EVM,DLC,E,9,OV,75,,,,,,2,2,,,,240,,,,,,,,,,,,,,,,,OFF,,ON,,,,,,,,,,,,,,"Assisting acoustics, bringing in array"
W,CalCOFI0501NH,1/6/2005,14:57,1/6/2005 14:57,8:00:00,1/6/2005 22:57,,,30.85050,-121.58017,EVM,DLC,E,9,OV,75,,,,,,2,2,,,,240,,,,,,,,,,,,,,,,,OFF,,ON,,,,,,,,,,,,,,"Reducing speed, coming into station"
W,CalCOFI0501NH,1/6/2005,15:00,1/6/2005 15:00,8:00:00,1/6/2005 23:00,,,30.85117,-121.58600,EVM,DLC,E,9,OV,75,,,,,,2,2,,,,240,,,,,,,,,,,,,,,,,OFF,,ON,,,,,,,,,,,,,,Station 93.90
W,CalCOFI0501NH,1/6/2005,17:00,1/6/2005 17:00,8:00:00,1/7/2005 1:00,,,30.85117,-121.58600,EVM,DLC,E,9,OV,75,,,,,,2,2,,,,,,,,,,,,,,,,,,,,,OFF,,ON,,,,,,,,,,,,,,Sunset 
W,CalCOFI0501NH,1/7/2005,7:00,1/7/2005 7:00,8:00:00,1/7/2005 15:00,,,30.10150,-123.05267,DLC,EVM,P,1.5,HR,100,,,,,,6,6,,,,,,,,,,,,,,,,,,,,,OFF,,ON,,,,,,,,,,,,,,"Weather is extremely poor, suspending observations"
W,CalCOFI0501NH,1/7/2005,13:15,1/7/2005 13:15,8:00:00,1/7/2005 21:15,,,29.83000,-123.61050,DLC,EVM,P,7,PC,25,,,,,,5,6,,,,330,,,,,,,,,,,,,,,,,ON,,ON,,,,,,,,,,,,,,"Departing station 93.120, bearing 330 degrees. Starting an off-effort observation, conditions are still poor"
W,CalCOFI0501NH,1/7/2005,14:00,1/7/2005 14:00,8:00:00,1/7/2005 22:00,,,29.91150,-123.66183,DLC,EVM,P,7,PC,25,,,,,,5,6,,,,330,,,,,,,,,,,,,,,,,ON,,OFF,,,,,,,,,,,,,,
W,CalCOFI0501NH,1/7/2005,14:30,1/7/2005 14:30,8:00:00,1/7/2005 22:30,,,29.97600,-123.70383,DLC,EVM,P,7,PC,25,,,,,,5,6,,,,330,,,,,,,,,,,,,,,,,ON,,OFF,,,,,,,,,,,,,,Average speed ~9 knots
W,CalCOFI0501NH,1/7/2005,15:03,1/7/2005 15:03,8:00:00,1/7/2005 23:03,,,30.04750,-123.75367,DLC,EVM,P,7,PC,25,,,,,,5,6,,,,330,,,,,,,,,,,,,,,,,ON,,OFF,,,,,,,,,,,,,,
W,CalCOFI0501NH,1/7/2005,15:21,1/7/2005 15:21,8:00:00,1/7/2005 23:21,,,30.08467,-123.77817,DLC,EVM,P,6,PC,45,,,,,,5,8,,,,,,,,,,,,,,,,,,,,,ON,,OFF,,,,,,,,,,,,,,
W,CalCOFI0501NH,1/7/2005,15:30,1/7/2005 15:30,8:00:00,1/7/2005 23:30,,,30.10700,-123.79367,DLC,EVM,P,6,PC,45,,,,,,5,8,,,,330,,,,,,,,,,,,,,,,,ON,,OFF,,,,,,,,,,,,,,
W,CalCOFI0501NH,1/7/2005,16:00,1/7/2005 16:00,8:00:00,1/8/2005 0:00,,,30.17000,-123.83533,DLC,EVM,P,6,PC,45,,,,,,5,8,,,,330,,,,,,,,,,,,,,,,,ON,,OFF,,,,,,,,,,,,,,
W,CalCOFI0501NH,1/7/2005,16:30,1/7/2005 16:30,8:00:00,1/8/2005 0:30,,,30.23483,-123.87850,DLC,EVM,P,6,PC,45,,,,,,5,8,,,,330,,,,,,,,,,,,,,,,,ON,,OFF,,,,,,,,,,,,,,
W,CalCOFI0501NH,1/7/2005,16:45,1/7/2005 16:45,8:00:00,1/8/2005 0:45,,,30.27300,-123.90333,DLC,EVM,P,6,PC,70,,,,,,5,10,,,,,,,,,,,,,,,,,,,,,ON,,OFF,,,,,,,,,,,,,,
W,CalCOFI0501NH,1/7/2005,17:00,1/7/2005 17:00,8:00:00,1/8/2005 1:00,,,30.30150,-123.92100,DLC,EVM,P,6,PC,70,,,,,,5,10,,,,330,,,,,,,,,,,,,,,,,ON,,OFF,,,,,,,,,,,,,,
W,CalCOFI0501NH,1/7/2005,17:30,1/7/2005 17:30,8:00:00,1/8/2005 1:30,,,30.36850,-123.96350,DLC,EVM,P,6,PC,70,,,,,,5,10,,,,330,,,,,,,,,,,,,,,,,ON,,OFF,,,,,,,,,,,,,,
W,CalCOFI0501NH,1/7/2005,17:37,1/7/2005 17:37,8:00:00,1/8/2005 1:37,,,30.38533,-123.97400,DLC,EVM,P,6,PC,70,,,,,,5,10,,,,330,,,,,,,,,,,,,,,,,OFF,,OFF,,,,,,,,,,,,,,"Sunset, ending mid-transit to station 90.120"
W,CalCOFI0501NH,1/8/2005,7:12,1/8/2005 7:12,8:00:00,1/8/2005 15:12,,,31.04083,-122.73383,EVM,DLC,G,7,OV,85,,,,,,2,2,,,,62,,,,,,,,,,,,,,,,,ON,,ON,,,,,,,,,,,,,,"Mid transit, bearing=62 degrees  Travelling ~5.4kt"
W,CalCOFI0501NH,1/8/2005,8:00,1/8/2005 8:00,8:00:00,1/8/2005 16:00,,,31.08150,-122.65600,EVM,DLC,G,7,OV,100,,,,,,2,2,,,,62,,,,,,,,,,,,,,,,,OFF,,ON,,,,,,,,,,,,,,Station 90/100
W,CalCOFI0501NH,1/8/2005,10:43,1/8/2005 10:43,8:00:00,1/8/2005 18:43,,,31.09017,-122.61450,EVM,DLC,G,7,OV,100,,,,,,3,3,,,,62,,,,,,,,,,,,,,,,,ON,,ON,,,,,,,,,,,,,,Bearing=62degrees
W,CalCOFI0501NH,1/8/2005,10:49,1/8/2005 10:49,8:00:00,1/8/2005 18:49,,,31.09783,-122.59767,EVM,DLC,G,7,OV,100,,,,,,3,3,,,,62,,,,,,,,,,,,,,,,,OFF,,ON,,,,,,,,,,,,,,"Slowing down ~3kt, bringing in array"
W,CalCOFI0501NH,1/8/2005,11:00,1/8/2005 11:00,8:00:00,1/8/2005 19:00,,,31.10350,-122.58500,EVM,DLC,G,7,OV,100,,,,,,3,3,,,,62,,,,,,,,,,,,,,,,,ON,,ON,,,,,,,,,,,,,,Speeding up to 10kt
W,CalCOFI0501NH,1/8/2005,11:17,1/8/2005 11:17,8:00:00,1/8/2005 19:17,,,31.12850,-122.53100,EVM,DLC,F,4,LF,100,,,,,,3,3,,,,,,,,,,,,,,,,,,,,,ON,,ON,,,,,,,,,,,,,,Fog coming in on stbd. Side
W,CalCOFI0501NH,1/8/2005,11:30,1/8/2005 11:30,8:00:00,1/8/2005 19:30,,,31.14533,-122.49283,EVM,DLC,P,0.2,HF,100,,,,,,3,3,,,,62,,,,,,,,,,,,,,,,,ON,,ON,,,,,,,,,,,,,,200-400m vis.   Fog and Mist 
W,CalCOFI0501NH,1/8/2005,11:35,1/8/2005 11:35,8:00:00,1/8/2005 19:35,,,31.15217,-122.47883,EVM,DLC,F,3,LF,100,,,,,,3,3,,,,,,,,,,,,,,,,,,,,,ON,,ON,,,,,,,,,,,,,,3-4 mi vis.  Fog
W,CalCOFI0501NH,1/8/2005,11:38,1/8/2005 11:38,8:00:00,1/8/2005 19:38,,,31.15217,-122.47883,EVM,DLC,,,,,,,,,,,,,,,62,,,,,,,,,,,,,,,,,ON,,ON,,,,,,,,,,,,,,VIS 3-4 nmiles--FOG
W,CalCOFI0501NH,1/8/2005,12:01,1/8/2005 12:01,8:00:00,1/8/2005 20:01,,,31.18917,-122.36867,EVM,DLC,F,3,LF,100,,,,,,3,3,,,,62,,,,,,,,,,,,,,,,,ON,,ON,,,,,,,,,,,,,,
W,CalCOFI0501NH,1/8/2005,13:02,1/8/2005 13:02,8:00:00,1/8/2005 21:02,,,31.27667,-122.22283,EVM,DLC,F,3,LF,100,,,,,,3,3,,,,62,,,,,,,,,,,,,,,,,ON,,ON,,,,,,,,,,,,,,
W,CalCOFI0501NH,1/8/2005,13:31,1/8/2005 13:31,8:00:00,1/8/2005 21:31,,,31.32183,-122.14367,DLC,EVM,P,0.5,LF,100,,,,,,3,3,,,,62,,,,,,,,,,,,,,,,,ON,,ON,,,,,,,,,,,,,,
W,CalCOFI0501NH,1/8/2005,14:00,1/8/2005 14:00,8:00:00,1/8/2005 22:00,,,31.36667,-122.06717,DLC,EVM,G,7,LR,100,,,,,,3,3,,,,62,,,,,,,,,,,,,,,,,ON,,ON,,,,,,,,,,,,,,
W,CalCOFI0501NH,1/8/2005,14:31,1/8/2005 14:31,8:00:00,1/8/2005 22:31,,,31.42183,-121.99000,EVM,DLC,G,7,LR,100,,,,,,3,3,,,,,,,,,,,,,,,,,,,,,OFF,,ON,,,,,,,,,,,,,,Sattion 90/90
W,CalCOFI0501NH,1/8/2005,16:45,1/8/2005 16:45,8:00:00,1/9/2005 0:45,,,31.38667,-121.96550,EVM,DLC,F,4,LF,100,,,,,,3,3,,,,50,,,,,,,,,,,,,,,,,ON,,ON,,,,,,,,,,,,,,
W,CalCOFI0501NH,1/8/2005,17:00,1/8/2005 17:00,8:00:00,1/9/2005 1:00,,,31.40583,-121.92967,EVM,DLC,F,4,LF,100,,,,,,3,3,,,,62,,,,,,,,,,,,,,,,,ON,,ON,,,,,,,,,,,,,,
W,CalCOFI0501NH,1/8/2005,17:30,1/8/2005 17:30,8:00:00,1/9/2005 1:30,,,31.45050,-121.84900,EVM,DLC,F,4,LF,100,,,,,,3,3,,,,,,,,,,,,,,,,,,,,,OFF,,ON,,,,,,,,,,,,,,"Dark, in mid transit to station 90/80"
W,CalCOFI0501NH,1/9/2005,7:30,1/9/2005 7:30,8:00:00,1/9/2005 15:30,,,32.32833,-120.16600,DLC,EVM,F,6,HR,100,,,,,,3,2,,,,160,,,,,,,,,,,,,,,,,ON,,ON,,,,,,,,,,,,,,"Mid Transit, Bearing=160"
W,CalCOFI0501NH,1/9/2005,7:44,1/9/2005 7:44,8:00:00,1/9/2005 15:44,,,32.34067,-120.13250,DLC,EVM,P,1,LF,100,,,,,,3,2,,,,,,,,,,,,,,,,,,,,,ON,,ON,,,,,,,,,,,,,,
W,CalCOFI0501NH,1/9/2005,8:00,1/9/2005 8:00,8:00:00,1/9/2005 16:00,,,32.36750,-120.08000,EVM,DLC,F,5,LF,100,,,,,,3,2,,,,160,,,,,,,,,,,,,,,,,ON,,ON,,,,,,,,,,,,,,
W,CalCOFI0501NH,1/9/2005,8:30,1/9/2005 8:30,8:00:00,1/9/2005 16:30,,,32.41317,-119.99433,EVM,DLC,F,5,LF,100,,,,,,3,2,,,,160,,,,,,,,,,,,,,,,,ON,,ON,,,,,,,,,,,,,,
W,CalCOFI0501NH,1/9/2005,8:41,1/9/2005 8:41,8:00:00,1/9/2005 16:41,,,32.42983,-119.96133,EVM,DLC,F,5,LF,100,,,,,,3,2,,,,160,,,,,,,,,,,,,,,,,OFF,,ON,,,,,,,,,,,,,,Station 90/60
W,CalCOFI0501NH,1/9/2005,11:49,1/9/2005 11:49,8:00:00,1/9/2005 19:49,,,32.44500,-119.86417,DLC,EVM,F,3,LF,100,,,,,,3,2,,,,63,,,,,,,,,,,,,,,,,ON,,ON,,,,,,,,,,,,,,Late start assistin gacoustics with array
W,CalCOFI0501NH,1/9/2005,12:30,1/9/2005 12:30,8:00:00,1/9/2005 20:30,,,32.50583,-119.73883,DLC,EVM,F,5,LR,100,,,,,,3,2,,,,57,,,,,,,,,,,,,,,,,ON,,ON,,,,,,,,,,,,,,
W,CalCOFI0501NH,1/9/2005,13:00,1/9/2005 13:00,8:00:00,1/9/2005 21:00,,,32.55317,-119.64933,EVM,DLC,F,5,LR,100,,,,,,3,2,,,,57,,,,,,,,,,,,,,,,,ON,,ON,,,,,,,,,,,,,,
W,CalCOFI0501NH,1/9/2005,13:22,1/9/2005 13:22,8:00:00,1/9/2005 21:22,,,32.59100,-119.58183,EVM,DLC,P,0.5,HF,100,,,,,,3,2,,,,,,,,,,,,,,,,,,,,,ON,,ON,,,,,,,,,,,,,,
W,CalCOFI0501NH,1/9/2005,13:30,1/9/2005 13:30,8:00:00,1/9/2005 21:30,,,32.60533,-119.55667,EVM,DLC,P,0.5,HF,100,,,,,,3,2,,,,52,,,,,,,,,,,,,,,,,ON,,ON,,,,,,,,,,,,,,
W,CalCOFI0501NH,1/9/2005,13:51,1/9/2005 13:51,8:00:00,1/9/2005 21:51,,,32.64217,-119.50050,EVM,DLC,P,0.5,HR,100,,,,,,3,2,,,,,,,,,,,,,,,,,,,,,ON,,ON,,,,,,,,,,,,,,
W,CalCOFI0501NH,1/9/2005,14:05,1/9/2005 14:05,8:00:00,1/9/2005 22:05,,,32.65383,-119.48283,EVM,DLC,P,0.5,HR,100,,,,,,3,2,,,,,,,,,,,,,,,,,,,,,OFF,,ON,,,,,,,,,,,,,,Station 90/53
W,CalCOFI0501NH,1/9/2005,16:41,1/9/2005 16:41,8:00:00,1/10/2005 0:41,,,32.61217,-119.42650,EVM,DLC,P,3,HR,100,,,,,,3,3,,,,47,,,,,,,,,,,,,,,,,ON,,ON,,,,,,,,,,,,,,
W,CalCOFI0501NH,1/9/2005,17:11,1/9/2005 17:11,8:00:00,1/10/2005 1:11,,,32.65450,-119.37800,EVM,DLC,P,3,HR,100,,,,,,3,3,,,,,,,,,,,,,,,,,,,,,OFF,,ON,,,,,,,,,,,,,,
W,CalCOFI0501NH,1/10/2005,7:19,1/10/2005 7:19,8:00:00,1/10/2005 15:19,,,33.34167,-118.00550,EVM,DLC,F,7,LR,100,,,,,,1,1,,,,58,,,,,,,,,,,,,,,,,ON,,ON,,,,,,,,,,,,,,Mid transit
W,CalCOFI0501NH,1/10/2005,7:35,1/10/2005 7:35,8:00:00,1/10/2005 15:35,,,33.39583,-117.95867,EVM,DLC,F,8,LR,100,,,,,,1,1,,,,68,,,,,,,,,,,,,,,,,ON,,ON,,,,,,,,,,,,,,
W,CalCOFI0501NH,1/10/2005,7:57,1/10/2005 7:57,8:00:00,1/10/2005 15:57,,,33.38517,-117.91050,EVM,DLC,F,9,LR,100,,,,,,1,1,,,,,,,,,,,,,,,,,,,,,OFF,,ON,,,,,,,,,,,,,,Station 90/30
W,CalCOFI0501NH,1/10/2005,10:17,1/10/2005 10:17,8:00:00,1/10/2005 18:17,,,33.43383,-117.90467,EVM,DLC,G,7,OV,100,,,,,,2,0.5,,,,89,,,,,,,,,,,,,,,,,ON,,ON,,,,,,,,,,,,,,Heading towards Dana Point. Bearing=89°
W,CalCOFI0501NH,1/10/2005,10:38,1/10/2005 10:38,8:00:00,1/10/2005 18:38,,,33.43950,-117.83450,EVM,DLC,F,3,HF,100,,,,,,2,0.5,,,,,,,,,,,,,,,,,,,,,ON,,ON,,,,,,,,,,,,,,Fog moving in on port side
W,CalCOFI0501NH,1/10/2005,11:00,1/10/2005 11:00,8:00:00,1/10/2005 19:00,,,33.44633,-117.76300,EVM,DLC,P,0.5,HF,100,,,,,,2,1,,,,85,,,,,,,,,,,,,,,,,ON,,ON,,,,,,,,,,,,,,Bearing= 85° Speed=9.4
W,CalCOFI0501NH,1/10/2005,11:15,1/10/2005 11:15,8:00:00,1/10/2005 19:15,,,33.44333,-117.71783,EVM,DLC,P,0.5,HF,100,,,,,,2,1,,,,85,,,,,,,,,,,,,,,,,OFF,,ON,,,,,,,,,,,,,,Meeting vessel assist for personel transfer. Station 90.27.7 and 90.27.8
W,CalCOFI0501NH,1/10/2005,13:49,1/10/2005 13:49,8:00:00,1/10/2005 21:49,,,33.48833,-117.76117,EVM,DLC,F,3,HF,100,,,,,,2,1,,,,296,,,,,,,,,,,,,,,,,ON,,OFF,,,,,,,,,,,,,,Heading = 296°
W,CalCOFI0501NH,1/10/2005,14:43,1/10/2005 14:43,8:00:00,1/10/2005 22:43,,,33.56283,-117.92250,EVM,DLC,F,3,HR,100,,,,,,3,1,,,,296,,,,,,,,,,,,,,,,,ON,,OFF,,,,,,,,,,,,,,
W,CalCOFI0501NH,1/10/2005,15:00,1/10/2005 15:00,8:00:00,1/10/2005 23:00,,,33.59033,-117.97000,EVM,DLC,F,6,LF,100,,,,,,3,1,,,,305,,,,,,,,,,,,,,,,,ON,,OFF,,,,,,,,,,,,,,Heading=305°
W,CalCOFI0501NH,1/10/2005,15:30,1/10/2005 15:30,8:00:00,1/10/2005 23:30,,,33.64250,-118.05517,EVM,DLC,F,6,LF,100,,,,,,3,1,,,,305,,,,,,,,,,,,,,,,,ON,,OFF,,,,,,,,,,,,,,
W,CalCOFI0501NH,1/10/2005,15:46,1/10/2005 15:46,8:00:00,1/10/2005 23:46,,,33.67433,-118.09433,EVM,DLC,F,6,LF,100,,,,,,3,1,,,,305,,,,,,,,,,,,,,,,,OFF,,OFF,,,,,,,,,,,,,,Station 88.5/30.1
W,CalCOFI0501NH,1/10/2005,16:29,1/10/2005 16:29,8:00:00,1/11/2005 0:29,,,33.66800,-118.10300,EVM,DLC,F,6,LF,100,,,,,,3,1,,,,258,,,,,,,,,,,,,,,,,ON,,OFF,,,,,,,,,,,,,,Heading=258°
W,CalCOFI0501NH,1/10/2005,17:00,1/10/2005 17:00,8:00:00,1/11/2005 1:00,,,33.64800,-118.21483,EVM,DLC,F,3,OV,100,,,,,,3,1,,,,270,,,,,,,,,,,,,,,,,ON,,OFF,,,,,,,,,,,,,,Heading=270°
W,CalCOFI0501NH,1/10/2005,17:23,1/10/2005 17:23,8:00:00,1/11/2005 1:23,,,33.65517,-118.28283,EVM,DLC,F,3,OV,100,,,,,,3,1,,,,270,,,,,,,,,,,,,,,,,OFF,,OFF,,,,,,,,,,,,,,
W,CalCOFI0501NH,1/11/2005,6:54,1/11/2005 6:54,8:00:00,1/11/2005 14:54,,,33.53300,-119.21700,EVM,DLC,F,7,OV,80,,,,,,6,4,,,,249,,,,,,,,,,,,,,,,,ON,,OFF,,,,,,,,,,,,,,Mid transit bearing=249° Speed=8.8
W,CalCOFI0501NH,1/11/2005,7:27,1/11/2005 7:27,8:00:00,1/11/2005 15:27,,,33.49050,-119.30733,EVM,DLC,F,7,OV,80,,,,,,6,4,,,,249,,,,,,,,,,,,,,,,,OFF,,OFF,,,,,,,,,,,,,,Station 87.45
W,CalCOFI0501NH,1/11/2005,9:25,1/11/2005 9:25,8:00:00,1/11/2005 17:25,,,33.46767,-119.34350,DLC,EVM,F,7,PC,40,,,,,,6,4,,,,249,,,,,,,,,,,,,,,,,ON,,OFF,,,,,,,,,,,,,,Speed=9
W,CalCOFI0501NH,1/11/2005,10:07,1/11/2005 10:07,8:00:00,1/11/2005 18:07,,,33.40933,-119.45300,DLC,EVM,F,7,PC,40,,,,,,6,4,,,,249,,,,,,,,,,,,,,,,,ON,,OFF,,,,,,,,,,,,,,
W,CalCOFI0501NH,1/11/2005,10:30,1/11/2005 10:30,8:00:00,1/11/2005 18:30,,,33.38150,-119.51767,DLC,EVM,F,7,PC,40,,,,,,6,4,,,,254,,,,,,,,,,,,,,,,,ON,,OFF,,,,,,,,,,,,,,Bearing=254°
W,CalCOFI0501NH,1/11/2005,11:00,1/11/2005 11:00,8:00:00,1/11/2005 19:00,,,33.35133,-119.59817,DLC,EVM,F,7,PC,40,,,,,,6,4,,,,254,,,,,,,,,,,,,,,,,ON,,OFF,,,,,,,,,,,,,,
W,CalCOFI0501NH,1/11/2005,11:24,1/11/2005 11:24,8:00:00,1/11/2005 19:24,,,33.32367,-119.66183,DLC,EVM,F,7,PC,40,,,,,,6,4,,,,254,,,,,,,,,,,,,,,,,OFF,,OFF,,,,,,,,,,,,,,Station 87.50
W,CalCOFI0501NH,1/11/2005,13:07,1/11/2005 13:07,8:00:00,1/11/2005 21:07,,,33.29200,-119.72450,DLC,EVM,P,10,PC,60,,,,,,6,5,,,,240,,,,,,,,,,,,,,,,,ON,,OFF,,,,,,,,,,,,,,Heading=240° Speed=~9 Late start assisting with array
W,CalCOFI0501NH,1/11/2005,13:31,1/11/2005 13:31,8:00:00,1/11/2005 21:31,,,33.25567,-119.78550,DLC,EVM,P,10,PC,60,,,,,,6,5,,,,240,,,,,,,,,,,,,,,,,ON,,OFF,,,,,,,,,,,,,,
W,CalCOFI0501NH,1/11/2005,14:00,1/11/2005 14:00,8:00:00,1/11/2005 22:00,,,33.21200,-119.86067,EVM,DLC,P,10,PC,60,,,,,,6,5,,,,240,,,,,,,,,,,,,,,,,ON,,OFF,,,,,,,,,,,,,,
W,CalCOFI0501NH,1/11/2005,14:30,1/11/2005 14:30,8:00:00,1/11/2005 22:30,,,33.17700,-119.93533,EVM,DLC,P,10,PC,60,,,,,,6,5,,,,240,,,,,,,,,,,,,,,,,ON,,OFF,,,,,,,,,,,,,,
W,CalCOFI0501NH,1/11/2005,14:38,1/11/2005 14:38,8:00:00,1/11/2005 22:38,,,33.16850,-119.95733,EVM,DLC,P,10,PC,60,,,,,,6,5,,,,240,,,,,,,,,,,,,,,,,OFF,,OFF,,,,,,,,,,,,,,
W,CalCOFI0501NH,1/11/2005,14:54,1/11/2005 14:54,8:00:00,1/11/2005 22:54,,,33.15667,-119.98833,EVM,DLC,P,10,PC,60,,,,,,6,5,,,,240,,,,,,,,,,,,,,,,,OFF,,OFF,,,,,,,,,,,,,,Station 87.55
W,CalCOFI0501NH,1/11/2005,16:48,1/11/2005 16:48,8:00:00,1/12/2005 0:48,,,33.14433,-120.05267,DLC,EVM,F,7,OV,80,,,,,,5,5,,,,301,,,,,,,,,,,,,,,,,OFF,,OFF,,,,,,,,,,,,,,Slow steam travelling ~3 knots Heading=301°
W,CalCOFI0501NH,1/11/2005,17:15,1/11/2005 17:15,8:00:00,1/12/2005 1:15,,,33.14800,-120.08117,DLC,EVM,F,7,OV,80,,,,,,5,5,,,,235,,,,,,,,,,,,,,,,,ON,,OFF,,,,,,,,,,,,,,Increasing speed ~8.3 knots new heading=235°
W,CalCOFI0501NH,1/11/2005,17:26,1/11/2005 17:26,8:00:00,1/12/2005 1:26,,,33.13033,-120.10900,DLC,EVM,F,7,OV,80,,,,,,5,5,,,,235,,,,,,,,,,,,,,,,,OFF,,OFF,,,,,,,,,,,,,,Sunset
W,CalCOFI0501NH,1/12/2005,7:05,1/12/2005 7:05,8:00:00,1/12/2005 15:05,,,32.47417,-121.34917,DLC,EVM,F,8,OV,90,,,,,,6,8,,,,245,,,,,,,,,,,,,,,,,ON,,ON,,,,,,,,,,,,,,"Mid transit, Speed=~9kt, Bearing=245 degrees"
W,CalCOFI0501NH,1/12/2005,7:30,1/12/2005 7:30,8:00:00,1/12/2005 15:30,,,32.43917,-121.41267,DLC,EVM,F,8,OV,90,,,,,,6,8,,,,245,,,,,,,,,,,,,,,,,ON,,ON,,,,,,,,,,,,,,
W,CalCOFI0501NH,1/12/2005,8:01,1/12/2005 8:01,8:00:00,1/12/2005 16:01,,,32.39650,-121.50267,DLC,EVM,F,8,OV,90,,,,,,6,8,,,,245,,,,,,,,,,,,,,,,,ON,,ON,,,,,,,,,,,,,,
W,CalCOFI0501NH,1/12/2005,8:30,1/12/2005 8:30,8:00:00,1/12/2005 16:30,,,32.36550,-121.58500,DLC,EVM,F,8,OV,75,,,,,,6,8,,,,245,,,,,,,,,,,,,,,,,ON,,ON,,,,,,,,,,,,,,
W,CalCOFI0501NH,1/12/2005,9:00,1/12/2005 9:00,8:00:00,1/12/2005 17:00,,,32.33733,-121.67350,DLC,EVM,F,8,OV,75,,,,,,6,8,,,,245,,,,,,,,,,,,,,,,,ON,,ON,,,,,,,,,,,,,,
W,CalCOFI0501NH,1/12/2005,9:14,1/12/2005 9:14,8:00:00,1/12/2005 17:14,,,32.32300,-121.71350,DLC,EVM,F,8,OV,75,,,,,,6,8,,,,245,,,,,,,,,,,,,,,,,OFF,,ON,,,,,,,,,,,,,,Station 87/80
W,CalCOFI0501NH,1/12/2005,10:52,1/12/2005 10:52,8:00:00,1/12/2005 18:52,,,32.34350,-121.74400,DLC,EVM,F,8,OV,75,,,,,,6,8,,,,335,,,,,,,,,,,,,,,,,OFF,,ON,,,,,,,,,,,,,,"Slow steam ~2 kts, Bearing=335 degrees"
W,CalCOFI0501NH,1/12/2005,11:16,1/12/2005 11:16,8:00:00,1/12/2005 19:16,,,32.35300,-121.75833,DLC,EVM,F,8,OV,75,,,,,,6,8,,,,238,,,,,,,,,,,,,,,,,ON,,ON,,,,,,,,,,,,,,"Increasing speed to 10 kt, Bearing=238 degrees"
W,CalCOFI0501NH,1/12/2005,11:36,1/12/2005 11:36,8:00:00,1/12/2005 19:36,,,32.31983,-121.81733,DLC,EVM,P,7,PC,40,,,,,,6,7,,,,237,,,,,,,,,,,,,,,,,ON,,ON,,,,,,,,,,,,,,"Speed=9.9kt, Bearing=237 degrees"
W,CalCOFI0501NH,1/12/2005,12:00,1/12/2005 12:00,8:00:00,1/12/2005 20:00,,,32.27967,-121.88367,EVM,DLC,F,7,PC,40,,,,,,5,6,,,,236,,,,,,,,,,,,,,,,,ON,,ON,,,,,,,,,,,,,,"Speed=10kt, Bearing=236 degrees"
W,CalCOFI0501NH,1/12/2005,12:30,1/12/2005 12:30,8:00:00,1/12/2005 20:30,,,32.22733,-121.96917,EVM,DLC,F,7,PC,40,,,,,,5,6,,,,236,,,,,,,,,,,,,,,,,ON,,ON,,,,,,,,,,,,,,
W,CalCOFI0501NH,1/12/2005,13:00,1/12/2005 13:00,8:00:00,1/12/2005 21:00,,,32.18167,-122.04367,EVM,DLC,F,8,PC,60,,,,,,5,6,,,,236,,,,,,,,,,,,,,,,,ON,,ON,,,,,,,,,,,,,,
W,CalCOFI0501NH,1/12/2005,13:30,1/12/2005 13:30,8:00:00,1/12/2005 21:30,,,32.12650,-122.12950,EVM,DLC,F,8,PC,60,,,,,,4,5,,,,236,,,,,,,,,,,,,,,,,ON,,ON,,,,,,,,,,,,,,
W,CalCOFI0501NH,1/12/2005,14:00,1/12/2005 14:00,8:00:00,1/12/2005 22:00,,,32.06933,-122.22117,EVM,DLC,F,8,PC,60,,,,,,4,6,,,,236,,,,,,,,,,,,,,,,,ON,,ON,,,,,,,,,,,,,,
W,CalCOFI0501NH,1/12/2005,14:30,1/12/2005 14:30,8:00:00,1/12/2005 22:30,,,32.01933,-122.32683,EVM,DLC,F,8,OV,90,,,,,,4,6,,,,236,,,,,,,,,,,,,,,,,ON,,ON,,,,,,,,,,,,,,
W,CalCOFI0501NH,1/12/2005,14:55,1/12/2005 14:55,8:00:00,1/12/2005 22:55,,,31.98967,-122.39400,EVM,DLC,F,6,OV,90,,,,,,4,6,,,,236,,,,,,,,,,,,,,,,,OFF,,ON,,,,,,,,,,,,,,Station 87/90
W,CalCOFI0501NH,1/12/2005,17:06,1/12/2005 17:06,8:00:00,1/13/2005 1:06,,,32.01917,-122.42633,EVM,DLC,F,6,OV,90,,,,,,4,6,,,,235,,,,,,,,,,,,,,,,,ON,,OFF,,,,,,,,,,,,,,"Bearing=235 degrees, speed=10kt"
W,CalCOFI0501NH,1/12/2005,17:45,1/12/2005 17:45,8:00:00,1/13/2005 1:45,,,31.96217,-122.53733,EVM,DLC,F,6,OV,90,,,,,,4,6,,,,235,,,,,,,,,,,,,,,,,OFF,,OFF,,,,,,,,,,,,,,Sunset
W,CalCOFI0501NH,1/13/2005,7:18,1/13/2005 7:18,8:00:00,1/13/2005 15:18,,,31.63300,-123.98517,EVM,DLC,G,8,OV,100,,,,,,2,2,,,,335,,,,,,,,,,,,,,,,,ON,,OFF,,,,,,,,,,,,,,Heading=335 degrees
W,CalCOFI0501NH,1/13/2005,8:00,1/13/2005 8:00,8:00:00,1/13/2005 16:00,,,31.73100,-124.05233,EVM,DLC,G,8,OV,100,,,,,,2,3,,,,335,,,,,,,,,,,,,,,,,ON,,OFF,,,,,,,,,,,,,,
W,CalCOFI0501NH,1/13/2005,8:30,1/13/2005 8:30,8:00:00,1/13/2005 16:30,,,31.80267,-124.10067,EVM,DLC,G,8,OV,100,,,,,,2,3,,,,335,,,,,,,,,,,,,,,,,ON,,OFF,,,,,,,,,,,,,,
W,CalCOFI0501NH,1/13/2005,8:58,1/13/2005 8:58,8:00:00,1/13/2005 16:58,,,31.87150,-124.14800,EVM,DLC,G,8,OV,100,,,,,,2,5,,,,354,,,,,,,,,,,,,,,,,OFF,,OFF,,,,,,,,,,,,,,"Assisting with array, Heading=354 degrees"
W,CalCOFI0501NH,1/13/2005,9:16,1/13/2005 9:16,8:00:00,1/13/2005 17:16,,,31.90800,-124.16950,EVM,DLC,G,8,OV,100,,,,,,2,5,,,,354,,,,,,,,,,,,,,,,,OFF,,ON,,,,,,,,,,,,,,Station 83/110
W,CalCOFI0501NH,1/13/2005,11:30,1/13/2005 11:30,8:00:00,1/13/2005 19:30,,,31.94433,-124.21667,DLC,EVM,E,10,OV,80,,,,,,2,3,,,,64,,,,,,,,,,,,,,,,,ON,,ON,,,,,,,,,,,,,,Heading=64 degrees
W,CalCOFI0501NH,1/13/2005,12:00,1/13/2005 12:00,8:00:00,1/13/2005 20:00,,,31.98717,-124.12700,EVM,DLC,E,10,OV,80,,,,,,2,3,,,,,,,,,,,,,,,,,,,,,ON,,ON,,,,,,,,,,,,,,"Speed=10.5kt, Heading=64 degrees"
W,CalCOFI0501NH,1/13/2005,12:30,1/13/2005 12:30,8:00:00,1/13/2005 20:30,,,32.02583,-124.03650,EVM,DLC,E,10,OV,80,,,,,,2,3,,,,64,,,,,,,,,,,,,,,,,ON,,ON,,,,,,,,,,,,,,
W,CalCOFI0501NH,1/13/2005,13:00,1/13/2005 13:00,8:00:00,1/13/2005 21:00,,,32.06367,-123.94217,EVM,DLC,E,10,OV,80,,,,,,2,3,,,,64,,,,,,,,,,,,,,,,,ON,,ON,,,,,,,,,,,,,,
W,CalCOFI0501NH,1/13/2005,13:30,1/13/2005 13:30,8:00:00,1/13/2005 21:30,,,32.10050,-123.84867,EVM,DLC,E,10,OV,80,,,,,,2,3,,,,64,,,,,,,,,,,,,,,,,ON,,ON,,,,,,,,,,,,,,
W,CalCOFI0501NH,1/13/2005,14:00,1/13/2005 14:00,8:00:00,1/13/2005 22:00,,,32.13817,-123.75550,EVM,DLC,E,10,OV,80,,,,,,2,3,,,,64,,,,,,,,,,,,,,,,,ON,,ON,,,,,,,,,,,,,,
W,CalCOFI0501NH,1/13/2005,14:30,1/13/2005 14:30,8:00:00,1/13/2005 22:30,,,32.17467,-123.66050,EVM,DLC,E,10,OV,80,,,,,,2,3,,,,64,,,,,,,,,,,,,,,,,ON,,ON,,,,,,,,,,,,,,
W,CalCOFI0501NH,1/13/2005,15:00,1/13/2005 15:00,8:00:00,1/13/2005 23:00,,,32.20900,-123.56667,EVM,DLC,E,10,OV,80,,,,,,2,3,,,,64,,,,,,,,,,,,,,,,,ON,,ON,,,,,,,,,,,,,,
W,CalCOFI0501NH,1/13/2005,15:08,1/13/2005 15:08,8:00:00,1/13/2005 23:08,,,32.21917,-123.53933,EVM,DLC,E,10,OV,100,,,,,,2,3,,,,50,,,,,,,,,,,,,,,,,OFF,,ON,,,,,,,,,,,,,,"Bringing in array, Heading=50 degrees"
W,CalCOFI0501NH,1/13/2005,15:24,1/13/2005 15:24,8:00:00,1/13/2005 23:24,,,32.23483,-123.50600,DLC,EVM,E,10,OV,100,,,,,,2,3,,,,50,,,,,,,,,,,,,,,,,ON,,ON,,,,,,,,,,,,,,
W,CalCOFI0501NH,1/13/2005,15:30,1/13/2005 15:30,8:00:00,1/13/2005 23:30,,,32.24517,-123.49117,DLC,EVM,E,10,OV,100,,,,,,2,3,,,,50,,,,,,,,,,,,,,,,,OFF,,ON,,,,,,,,,,,,,,Station 83/100
W,CalCOFI0501NH,1/14/2005,7:07,1/14/2005 7:07,8:00:00,1/14/2005 15:07,,,33.03100,-121.94217,EVM,DLC,E,10,PC,35,,,,,,2,1,,,,66,,,,,,,,,,,,,,,,,ON,,ON,,,,,,,,,,,,,,MIDTRANSIT HEADING =66°
W,CalCOFI0501NH,1/14/2005,7:33,1/14/2005 7:33,8:00:00,1/14/2005 15:33,,,33.06517,-121.86617,EVM,DLC,E,10,PC,35,,,,,,2,1,,,,66,,,,,,,,,,,,,,,,,ON,,ON,,,,,,,,,,,,,,
W,CalCOFI0501NH,1/14/2005,8:00,1/14/2005 8:00,8:00:00,1/14/2005 16:00,,,33.09850,-121.79067,EVM,DLC,E,10,PC,35,,,,,,2,1,,,,66,,,,,,,,,,,,,,,,,ON,,ON,,,,,,,,,,,,,,
W,CalCOFI0501NH,1/14/2005,8:30,1/14/2005 8:30,8:00:00,1/14/2005 16:30,,,33.13750,-121.70250,EVM,DLC,E,10,PC,35,,,,,,2,1,,,,66,,,,,,,,,,,,,,,,,ON,,ON,,,,,,,,,,,,,,
W,CalCOFI0501NH,1/14/2005,9:00,1/14/2005 9:00,8:00:00,1/14/2005 17:00,,,33.17517,-121.61250,EVM,DLC,E,10,PC,35,,,,,,2,1,,,,66,,,,,,,,,,,,,,,,,ON,,ON,,,,,,,,,,,,,,
W,CalCOFI0501NH,1/14/2005,9:30,1/14/2005 9:30,8:00:00,1/14/2005 17:30,,,33.21133,-121.52183,EVM,DLC,E,10,CL,10,,,,,,2,1,,,,66,,,,,,,,,,,,,,,,,ON,,ON,,,,,,,,,,,,,,
W,CalCOFI0501NH,1/14/2005,9:39,1/14/2005 9:39,8:00:00,1/14/2005 17:39,,,33.22300,-121.49300,EVM,DLC,E,10,CL,10,,,,,,2,1,,,,66,,,,,,,,,,,,,,,,,OFF,,ON,,,,,,,,,,,,,,BRINGING IN THE ARRAY
W,CalCOFI0501NH,1/14/2005,9:54,1/14/2005 9:54,8:00:00,1/14/2005 17:54,,,33.23367,-121.46733,EVM,DLC,E,10,CL,10,,,,,,2,1,,,,66,,,,,,,,,,,,,,,,,ON,,ON,,,,,,,,,,,,,,SPEED REDUCED TO ~8 KNOTS
W,CalCOFI0501NH,1/14/2005,10:05,1/14/2005 10:05,8:00:00,1/14/2005 18:05,,,33.24367,-121.44400,EVM,DLC,E,10,CL,10,,,,,,2,1,,,,66,,,,,,,,,,,,,,,,,OFF,,ON,,,,,,,,,,,,,,STATION 83.70
W,CalCOFI0501NH,1/14/2005,12:12,1/14/2005 12:12,8:00:00,1/14/2005 20:12,,,33.26000,-121.45667,EVM,DLC,E,10,PC,40,,,,,,3,1,,,,62,,,,,,,,,,,,,,,,,ON,,ON,,,,,,,,,,,,,,HEADING = 62°
W,CalCOFI0501NH,1/14/2005,13:05,1/14/2005 13:05,8:00:00,1/14/2005 21:05,,,33.33433,-121.29733,EVM,DLC,E,10,PC,40,,,,,,3,1,,,,62,,,,,,,,,,,,,,,,,OFF,,ON,,,,,,,,,,,,,,
W,CalCOFI0501NH,1/15/2005,6:51,1/15/2005 6:51,8:00:00,1/15/2005 14:51,,,34.25550,-119.32467,EVM,DLC,E,10,PC,60,,,,,,4,1,,,,62,,,,,,,,,,,,,,,,,ON,,ON,,,,,,,,,,,,,,Station 83/39.4
W,CalCOFI0501NH,1/15/2005,7:17,1/15/2005 7:17,8:00:00,1/15/2005 15:17,,,34.25617,-119.33333,EVM,DLC,E,7,CL,0,,,,,,3,0.5,,,,244,,,,,,,,,,,,,,,,,ON,,ON,,,,,,,,,,,,,,"Speed=10.2kt, Bearing=244 degrees"
W,CalCOFI0501NH,1/15/2005,7:42,1/15/2005 7:42,8:00:00,1/15/2005 15:42,,,34.22350,-119.40900,EVM,DLC,E,7,CL,0,,,,,,3,0.5,,,,244,,,,,,,,,,,,,,,,,OFF,,ON,,,,,,,,,,,,,,Station 83/40.6
W,CalCOFI0501NH,1/15/2005,8:58,1/15/2005 8:58,8:00:00,1/15/2005 16:58,,,34.21867,-119.44050,EVM,DLC,E,7,CL,0,,,,,,3,0.5,,,,240,,,,,,,,,,,,,,,,,ON,,ON,,,,,,,,,,,,,,
W,CalCOFI0501NH,1/15/2005,9:09,1/15/2005 9:09,8:00:00,1/15/2005 17:09,,,34.20050,-119.47000,EVM,DLC,E,10,CL,10,,,,,,1,0.5,,,,,,,,,,,,,,,,,,,,,ON,,ON,,,,,,,,,,,,,,
W,CalCOFI0501NH,1/15/2005,9:24,1/15/2005 9:24,8:00:00,1/15/2005 17:24,,,34.17883,-119.50883,EVM,DLC,E,10,CL,10,,,,,,1,0.5,,,,,,,,,,,,,,,,,,,,,OFF,,ON,,,,,,,,,,,,,,Station 83/42
W,CalCOFI0501NH,1/15/2005,11:40,1/15/2005 11:40,8:00:00,1/15/2005 19:40,,,34.16983,-119.53667,EVM,DLC,E,10,CL,10,,,,,,2,0.5,,,,316,,,,,,,,,,,,,,,,,ON,,ON,,,,,,,,,,,,,,Bearing=316 degrees
W,CalCOFI0501NH,1/15/2005,12:37,1/15/2005 12:37,8:00:00,1/15/2005 20:37,,,34.30450,-119.68400,EVM,DLC,E,10,PC,25,,,,,,1,0,,,,316,,,,,,,,,,,,,,,,,ON,,OFF,,,,,,,,,,,,,,
W,CalCOFI0501NH,1/15/2005,12:43,1/15/2005 12:43,8:00:00,1/15/2005 20:43,,,34.31367,-119.69433,EVM,DLC,E,10,PC,25,,,,,,1,0,,,,316,,,,,,,,,,,,,,,,,OFF,,OFF,,,,,,,,,,,,,,Bringing in array. Speed=1kt
W,CalCOFI0501NH,1/15/2005,12:57,1/15/2005 12:57,8:00:00,1/15/2005 20:57,,,34.33367,-119.71533,EVM,DLC,E,10,PC,25,,,,,,1,0,,,,316,,,,,,,,,,,,,,,,,ON,,OFF,,,,,,,,,,,,,,Speed=10.5kt
W,CalCOFI0501NH,1/15/2005,13:29,1/15/2005 13:29,8:00:00,1/15/2005 21:29,,,34.40183,-119.79417,EVM,DLC,E,10,PC,40,,,,,,1,0,,,,,,,,,,,,,,,,,,,,,OFF,,OFF,,,,,,,,,,,,,,Station 81.7/43.5
W,CalCOFI0501NH,1/15/2005,14:00,1/15/2005 14:00,8:00:00,1/15/2005 22:00,,,34.40233,-119.80750,EVM,DLC,E,10,PC,40,,,,,,1,0,,,,236,,,,,,,,,,,,,,,,,ON,,OFF,,,,,,,,,,,,,,Heading=236 degrees
W,CalCOFI0501NH,1/15/2005,14:43,1/15/2005 14:43,8:00:00,1/15/2005 22:43,,,34.33533,-119.91417,EVM,DLC,E,10,PC,40,,,,,,1,0,,,,236,,,,,,,,,,,,,,,,,ON,,OFF,,,,,,,,,,,,,,
W,CalCOFI0501NH,1/15/2005,15:00,1/15/2005 15:00,8:00:00,1/15/2005 23:00,,,34.30817,-119.96150,EVM,DLC,E,10,PC,40,,,,,,1,0,,,,236,,,,,,,,,,,,,,,,,ON,,OFF,,,,,,,,,,,,,,
W,CalCOFI0501NH,1/15/2005,15:21,1/15/2005 15:21,8:00:00,1/15/2005 23:21,,,34.27533,-120.02417,EVM,DLC,E,10,PC,40,,,,,,1,0,,,,236,,,,,,,,,,,,,,,,,OFF,,OFF,,,,,,,,,,,,,,Station 82/47
W,CalCOFI0501NH,1/16/2005,7:17,1/16/2005 7:17,8:00:00,1/16/2005 15:17,,,34.00100,-121.48833,EVM,DLC,E,10,PC,40,,,,,,3,2,,,,235,,,,,,,,,,,,,,,,,ON,,ON,,,,,,,,,,,,,,MIDTRANSIT BEARING=235°
W,CalCOFI0501NH,1/16/2005,8:04,1/16/2005 8:04,8:00:00,1/16/2005 16:04,,,33.92733,-121.62017,EVM,DLC,E,10,PC,40,,,,,,3,2,,,,235,,,,,,,,,,,,,,,,,ON,,ON,,,,,,,,,,,,,,
W,CalCOFI0501NH,1/16/2005,8:31,1/16/2005 8:31,8:00:00,1/16/2005 16:31,,,33.88350,-121.69100,EVM,DLC,E,10,PC,40,,,,,,3,2,,,,235,,,,,,,,,,,,,,,,,ON,,ON,,,,,,,,,,,,,,
W,CalCOFI0501NH,1/16/2005,9:00,1/16/2005 9:00,8:00:00,1/16/2005 17:00,,,33.84400,-121.77083,EVM,DLC,E,10,PC,40,,,,,,3,2,,,,242,,,,,,,,,,,,,,,,,ON,,ON,,,,,,,,,,,,,,BEARING= 242°
W,CalCOFI0501NH,1/16/2005,9:23,1/16/2005 9:23,8:00:00,1/16/2005 17:23,,,33.81583,-121.84033,EVM,DLC,E,10,PC,40,,,,,,3,2,,,,,,,,,,,,,,,,,,,,,OFF,,ON,,,,,,,,,,,,,,STATION 80.70
W,CalCOFI0501NH,1/16/2005,11:35,1/16/2005 11:35,8:00:00,1/16/2005 19:35,,,33.82700,-121.86000,EVM,DLC,E,10,PC,40,,,,,,3,2,,,,240,,,,,,,,,,,,,,,,,ON,,ON,,,,,,,,,,,,,,
W,CalCOFI0501NH,1/16/2005,12:00,1/16/2005 12:00,8:00:00,1/16/2005 20:00,,,33.78833,-121.92700,EVM,DLC,E,10,PC,20,,,,,,3,2,,,,237,,,,,,,,,,,,,,,,,ON,,ON,,,,,,,,,,,,,,BEARING= 237°
W,CalCOFI0501NH,1/16/2005,12:30,1/16/2005 12:30,8:00:00,1/16/2005 20:30,,,33.73683,-122.00783,EVM,DLC,E,10,PC,20,,,,,,3,2,,,,237,,,,,,,,,,,,,,,,,ON,,ON,,,,,,,,,,,,,,
W,CalCOFI0501NH,1/16/2005,13:31,1/16/2005 13:31,8:00:00,1/16/2005 21:31,,,33.64167,-122.17317,EVM,DLC,E,10,PC,20,,,,,,4,3,,,,237,,,,,,,,,,,,,,,,,ON,,ON,,,,,,,,,,,,,,
W,CalCOFI0501NH,1/16/2005,14:00,1/16/2005 14:00,8:00:00,1/16/2005 22:00,,,33.59833,-122.25750,EVM,DLC,E,10,PC,20,,,,,,4,3,,,,237,,,,,,,,,,,,,,,,,ON,,ON,,,,,,,,,,,,,,
W,CalCOFI0501NH,1/16/2005,14:30,1/16/2005 14:30,8:00:00,1/16/2005 22:30,,,33.55667,-122.35033,EVM,DLC,E,10,PC,20,,,,,,4,3,,,,237,,,,,,,,,,,,,,,,,ON,,ON,,,,,,,,,,,,,,
W,CalCOFI0501NH,1/16/2005,15:00,1/16/2005 15:00,8:00:00,1/16/2005 23:00,,,33.51750,-122.44417,EVM,DLC,E,10,PC,20,,,,,,4,3,,,,237,,,,,,,,,,,,,,,,,ON,,ON,,,,,,,,,,,,,,
W,CalCOFI0501NH,1/16/2005,15:12,1/16/2005 15:12,8:00:00,1/16/2005 23:12,,,33.50200,-122.48117,EVM,DLC,E,10,PC,20,,,,,,4,3,,,,237,,,,,,,,,,,,,,,,,OFF,,ON,,,,,,,,,,,,,,BRINGING IN ARRAY
W,CalCOFI0501NH,1/16/2005,15:28,1/16/2005 15:28,8:00:00,1/16/2005 23:28,,,33.48833,-122.51467,EVM,DLC,E,10,PC,20,,,,,,4,3,,,,237,,,,,,,,,,,,,,,,,ON,,ON,,,,,,,,,,,,,,
W,CalCOFI0501NH,1/16/2005,15:34,1/16/2005 15:34,8:00:00,1/16/2005 23:34,,,33.48300,-122.53217,EVM,DLC,E,10,PC,20,,,,,,4,3,,,,237,,,,,,,,,,,,,,,,,OFF,,ON,,,,,,,,,,,,,,STATION 80.80
W,CalCOFI0501NH,1/17/2005,7:30,1/17/2005 7:30,8:00:00,1/17/2005 15:30,,,33.17333,-124.17700,EVM,DLC,P,1,HF,100,,,,,,3,3,,,,328,,,,,,,,,,,,,,,,,ON,,OFF,,,,,,,,,,,,,,MIDTRANSIT BEARING= 328° HEAVY FOG LESS THAN 0.5 Nm visibility port and bow
W,CalCOFI0501NH,1/17/2005,8:00,1/17/2005 8:00,8:00:00,1/17/2005 16:00,,,33.24017,-124.22533,EVM,DLC,P,1,HF,100,,,,,,3,3,,,,328,,,,,,,,,,,,,,,,,ON,,OFF,,,,,,,,,,,,,,HEAVY FOG MOVING OFF TO STRB
W,CalCOFI0501NH,1/17/2005,8:30,1/17/2005 8:30,8:00:00,1/17/2005 16:30,,,33.30633,-124.27117,EVM,DLC,F,2,HF,100,,,,,,3,3,,,,328,,,,,,,,,,,,,,,,,ON,,OFF,,,,,,,,,,,,,,
W,CalCOFI0501NH,1/17/2005,8:58,1/17/2005 8:58,8:00:00,1/17/2005 16:58,,,33.37000,-124.31533,EVM,DLC,G,6,OV,100,,,,,,3,3,,,,,,,,,,,,,,,,,,,,,ON,,OFF,,,,,,,,,,,,,,
W,CalCOFI0501NH,1/17/2005,9:00,1/17/2005 9:00,8:00:00,1/17/2005 17:00,,,33.37283,-124.31700,EVM,DLC,G,6,OV,100,,,,,,3,3,,,,328,,,,,,,,,,,,,,,,,OFF,,ON,,,,,,,,,,,,,,STATION 77.100
W,CalCOFI0501NH,1/17/2005,11:00,1/17/2005 11:00,8:00:00,1/17/2005 19:00,,,33.38300,-124.32333,DLC,EVM,G,6,OV,100,,,,,,3,3,,,,59,,,,,,,,,,,,,,,,,ON,,ON,,,,,,,,,,,,,,BEARING= 59°
W,CalCOFI0501NH,1/17/2005,11:30,1/17/2005 11:30,8:00:00,1/17/2005 19:30,,,33.40967,-124.24533,DLC,EVM,G,8,OV,100,,,,,,3,3,,,,59,,,,,,,,,,,,,,,,,ON,,ON,,,,,,,,,,,,,,SPEED= 9.5 KNOTS
W,CalCOFI0501NH,1/17/2005,12:00,1/17/2005 12:00,8:00:00,1/17/2005 20:00,,,33.45017,-124.16083,EVM,DLC,G,8,OV,100,,,,,,3,3,,,,59,,,,,,,,,,,,,,,,,ON,,ON,,,,,,,,,,,,,,
W,CalCOFI0501NH,1/17/2005,12:30,1/17/2005 12:30,8:00:00,1/17/2005 20:30,,,33.49083,-124.07750,EVM,DLC,G,8,OV,100,,,,,,3,3,,,,57,,,,,,,,,,,,,,,,,ON,,ON,,,,,,,,,,,,,,BEARING= 57°
W,CalCOFI0501NH,1/17/2005,13:00,1/17/2005 13:00,8:00:00,1/17/2005 21:00,,,33.52950,-123.99600,EVM,DLC,G,8,OV,100,,,,,,3,3,,,,57,,,,,,,,,,,,,,,,,ON,,ON,,,,,,,,,,,,,,
W,CalCOFI0501NH,1/17/2005,13:30,1/17/2005 13:30,8:00:00,1/17/2005 21:30,,,33.56700,-123.91333,EVM,DLC,G,8,OV,100,,,,,,3,3,,,,57,,,,,,,,,,,,,,,,,ON,,ON,,,,,,,,,,,,,,
W,CalCOFI0501NH,1/17/2005,14:00,1/17/2005 14:00,8:00:00,1/17/2005 22:00,,,33.60750,-123.83450,EVM,DLC,G,8,LF,100,,,,,,3,3,,,,57,,,,,,,,,,,,,,,,,ON,,ON,,,,,,,,,,,,,,LIGHT FOG AT STRB SIDE
W,CalCOFI0501NH,1/17/2005,14:30,1/17/2005 14:30,8:00:00,1/17/2005 22:30,,,33.64883,-123.75767,EVM,DLC,F,8,OV,95,,,,,,4,3,,,,57,,,,,,,,,,,,,,,,,ON,,ON,,,,,,,,,,,,,,
W,CalCOFI0501NH,1/17/2005,15:00,1/17/2005 15:00,8:00:00,1/17/2005 23:00,,,33.69050,-123.68067,EVM,DLC,G,8,OV,95,,,,,,4,3,,,,57,,,,,,,,,,,,,,,,,OFF,,ON,,,,,,,,,,,,,,BRINGING IN ARRAY. SPEED = 1 KNOT
W,CalCOFI0501NH,1/17/2005,15:20,1/17/2005 15:20,8:00:00,1/17/2005 23:20,,,33.71383,-123.64383,EVM,DLC,G,8,OV,95,,,,,,4,3,,,,57,,,,,,,,,,,,,,,,,ON,,ON,,,,,,,,,,,,,,
W,CalCOFI0501NH,1/17/2005,15:25,1/17/2005 15:25,8:00:00,1/17/2005 23:25,,,33.72067,-123.63383,EVM,DLC,G,8,OV,95,,,,,,4,3,,,,57,,,,,,,,,,,,,,,,,OFF,,ON,,,,,,,,,,,,,,STATION 77.90
W,CalCOFI0501NH,1/17/2005,17:30,1/17/2005 17:30,8:00:00,1/18/2005 1:30,,,33.72067,-123.63383,EVM,DLC,G,8,OV,95,,,,,,4,3,,,,,,,,,,,,,,,,,,,,,OFF,,ON,,,,,,,,,,,,,,DARK
W,CalCOFI0501NH,1/18/2005,7:00,1/18/2005 7:00,8:00:00,1/18/2005 15:00,,,34.46983,-122.10567,EVM,DLC,E,10,PC,55,,,,,,2,2,,,,62,,,,,,,,,,,,,,,,,ON,,ON,,,,,,,,,,,,,,"Mid Transit, Bearing=62º"
W,CalCOFI0501NH,1/18/2005,7:33,1/18/2005 7:33,8:00:00,1/18/2005 15:33,,,34.51317,-122.01050,EVM,DLC,E,10,PC,55,,,,,,2,2,,,,62,,,,,,,,,,,,,,,,,ON,,ON,,,,,,,,,,,,,,
W,CalCOFI0501NH,1/18/2005,8:00,1/18/2005 8:00,8:00:00,1/18/2005 16:00,,,34.54733,-121.93267,EVM,DLC,E,10,PC,55,,,,,,2,2,,,,62,,,,,,,,,,,,,,,,,ON,,ON,,,,,,,,,,,,,,
W,CalCOFI0501NH,1/18/2005,8:30,1/18/2005 8:30,8:00:00,1/18/2005 16:30,,,34.58767,-121.84333,EVM,DLC,E,10,PC,55,,,,,,2,2,,,,62,,,,,,,,,,,,,,,,,ON,,ON,,,,,,,,,,,,,,
W,CalCOFI0501NH,1/18/2005,9:00,1/18/2005 9:00,8:00:00,1/18/2005 17:00,,,34.62917,-121.75533,EVM,DLC,E,10,PC,55,,,,,,2,3,,,,62,,,,,,,,,,,,,,,,,ON,,ON,,,,,,,,,,,,,,
W,CalCOFI0501NH,1/18/2005,9:31,1/18/2005 9:31,8:00:00,1/18/2005 17:31,,,34.67350,-121.66100,EVM,DLC,E,10,PC,55,,,,,,2,2,,,,62,,,,,,,,,,,,,,,,,ON,,ON,,,,,,,,,,,,,,
W,CalCOFI0501NH,1/18/2005,10:00,1/18/2005 10:00,8:00:00,1/18/2005 18:00,,,34.71117,-121.57383,EVM,DLC,E,10,PC,30,,,,,,2,2,,,,66,,,,,,,,,,,,,,,,,ON,,ON,,,,,,,,,,,,,,Bearing=66º
W,CalCOFI0501NH,1/18/2005,10:07,1/18/2005 10:07,8:00:00,1/18/2005 18:07,,,34.71983,-121.55017,EVM,DLC,E,10,PC,30,,,,,,2,2,,,,66,,,,,,,,,,,,,,,,,OFF,,ON,,,,,,,,,,,,,,Station 77/60
W,CalCOFI0501NH,1/18/2005,12:38,1/18/2005 12:38,8:00:00,1/18/2005 20:38,,,34.74983,-121.58417,EVM,DLC,E,10,PC,30,,,,,,2,3,,,,64,,,,,,,,,,,,,,,,,ON,,ON,,,,,,,,,,,,,,Bearing=64º
W,CalCOFI0501NH,1/18/2005,13:00,1/18/2005 13:00,8:00:00,1/18/2005 21:00,,,34.77150,-121.53650,EVM,DLC,E,10,PC,30,,,,,,2,3,,,,64,,,,,,,,,,,,,,,,,ON,,ON,,,,,,,,,,,,,,
W,CalCOFI0501NH,1/18/2005,13:30,1/18/2005 13:30,8:00:00,1/18/2005 21:30,,,34.80817,-121.44533,EVM,DLC,E,10,PC,30,,,,,,2,3,,,,64,,,,,,,,,,,,,,,,,ON,,ON,,,,,,,,,,,,,,
W,CalCOFI0501NH,1/18/2005,14:31,1/18/2005 14:31,8:00:00,1/18/2005 22:31,,,34.88317,-121.25567,EVM,DLC,E,10,PC,30,,,,,,2,3,,,,84,,,,,,,,,,,,,,,,,ON,,ON,,,,,,,,,,,,,,Bearing=84º
W,CalCOFI0501NH,1/18/2005,14:47,1/18/2005 14:47,8:00:00,1/18/2005 22:47,,,34.88850,-121.20100,EVM,DLC,E,10,PC,30,,,,,,2,3,,,,84,,,,,,,,,,,,,,,,,OFF,,ON,,,,,,,,,,,,,,Station 77/50
W,CalCOFI0501NH,1/18/2005,16:50,1/18/2005 16:50,8:00:00,1/19/2005 0:50,,,34.90383,-121.17683,EVM,DLC,E,10,PC,30,,,,,,1,2,,,,60,,,,,,,,,,,,,,,,,ON,,ON,,,,,,,,,,,,,,Bearing=60º
W,CalCOFI0501NH,1/18/2005,17:30,1/18/2005 17:30,8:00:00,1/19/2005 1:30,,,34.95683,-121.05833,EVM,DLC,E,10,PC,30,,,,,,1,2,,,,60,,,,,,,,,,,,,,,,,OFF,,ON,,,,,,,,,,,,,,Sunset
W,CalCOFI0501NH,1/19/2005,7:09,1/19/2005 7:09,8:00:00,1/19/2005 15:09,,,34.18467,-119.63000,EVM,DLC,E,10,CL,10,,,,,,1,1,,,,106,,,,,,,,,,,,,,,,,ON,,OFF,,,,,,,,,,,,,,"Transiting back to San Diego, Bearing=106º, Speed=7.7kt"
W,CalCOFI0501NH,1/19/2005,7:30,1/19/2005 7:30,8:00:00,1/19/2005 15:30,,,34.18267,-119.58033,EVM,DLC,E,10,CL,10,,,,,,1,1,,,,106,,,,,,,,,,,,,,,,,ON,,OFF,,,,,,,,,,,,,,
W,CalCOFI0501NH,1/19/2005,8:01,1/19/2005 8:01,8:00:00,1/19/2005 16:01,,,34.16300,-119.50083,EVM,DLC,E,10,CL,10,,,,,,1,1,,,,106,,,,,,,,,,,,,,,,,ON,,OFF,,,,,,,,,,,,,,
W,CalCOFI0501NH,1/19/2005,8:30,1/19/2005 8:30,8:00:00,1/19/2005 16:30,,,34.14783,-119.43250,EVM,DLC,E,10,CL,10,,,,,,1,1,,,,106,,,,,,,,,,,,,,,,,OFF,,OFF,,,,,,,,,,,,,,Deck cleaning
W,CalCOFI0501NH,1/19/2005,12:36,1/19/2005 12:36,8:00:00,1/19/2005 20:36,,,34.01133,-118.83050,EVM,DLC,E,10,CL,10,,,,,,1,1,,,,106,,,,,,,,,,,,,,,,,OFF,,OFF,,,,,,,,,,,,,,Station 85.4.35.8
W,CalCOFI0501NH,1/19/2005,13:14,1/19/2005 13:14,8:00:00,1/19/2005 21:14,,,33.99900,-118.82483,EVM,DLC,E,10,CL,0,,,,,,1,0.5,,,,174,,,,,,,,,,,,,,,,,ON,,OFF,,,,,,,,,,,,,,"BEARING=174º, SPEED=7.7knts"
W,CalCOFI0501NH,1/19/2005,14:47,1/19/2005 14:47,8:00:00,1/19/2005 22:47,,,33.86683,-118.83150,EVM,DLC,E,10,CL,0,,,,,,1,0.5,,,,174,,,,,,,,,,,,,,,,,ON,,OFF,,,,,,,,,,,,,,
W,CalCOFI0501NH,1/19/2005,15:00,1/19/2005 15:00,8:00:00,1/19/2005 23:00,,,33.84017,-118.82600,EVM,DLC,E,10,CL,0,,,,,,1,0.5,,,,174,,,,,,,,,,,,,,,,,ON,,OFF,,,,,,,,,,,,,,Speed=6.8knots
W,CalCOFI0501NH,1/19/2005,15:30,1/19/2005 15:30,8:00:00,1/19/2005 23:30,,,33.78400,-118.81733,EVM,DLC,E,10,CL,0,,,,,,1,0.5,,,,174,,,,,,,,,,,,,,,,,ON,,OFF,,,,,,,,,,,,,,
W,CalCOFI0501NH,1/19/2005,16:01,1/19/2005 16:01,8:00:00,1/20/2005 0:01,,,33.72517,-118.80633,EVM,DLC,E,10,CL,0,,,,,,1,0.5,,,,113,,,,,,,,,,,,,,,,,ON,,OFF,,,,,,,,,,,,,,Course change - 113º
W,CalCOFI0501NH,1/19/2005,17:00,1/19/2005 17:00,8:00:00,1/20/2005 1:00,,,33.71633,-118.74817,EVM,DLC,E,10,CL,0,,,,,,1,0.5,,,,113,,,,,,,,,,,,,,,,,OFF,,OFF,,,,,,,,,,,,,,Dinner
