Event Code,Cruise,Date         (Local),Time     (Local),Date/Time         (Local),GMT Diff,Date/Time          (GMT),Lat,Long,DecLat,DecLong,Port     Obs,Stbd     Obs,Quality,Visibility,Precipitation,Cloud %,Glare Bearing,Glare Bearing,Glare Quality (SL/M/SE),Wind dir (T),Wind spd (T),Bft,Swell (ft),Sighting No,Init Observer,Cue,Ship Heading Tru,Sighting Bearing Tru,Bino    Reticle,Distance (m),Sighting Method,Envelope Depth,Envelope Depth 2,Envelope Width,Envelope Width 2,Best,Min,Max,Calf,Species       1,Species       2,sp1 percent,sp2 percent,Effort (ON/OFF),Off Effort Code,Transect (ON/OFF),Off Transect Code,Primary Behaviour,Other Behaviour 1,Other Behaviour 2,Photos?,Photographer (Cam 1),Camera             1,First Frame 1,Last Frame 1,Photographer (Cam 2),Camera    2,First Frame 2,Last Frame 2,Comments
B,CalCOFI0810NH,10/14/2008,9:33,10/14/2008 9:33,8:00:00,10/14/2008 17:33,,,32.77733,-117.32933,AMH,DLC,F,8,HA,0,76,90,M,,,4,1,,,,10,,,,,,,,,,,,,,,,,OFF,,OFF,,,,,,,,,,,,,,STARTING OFF EFFORT OBSERVATIONS TO FIRST STATION
ST,CalCOFI0810NH,10/14/2008,9:33,10/14/2008 9:33,8:00:00,10/14/2008 17:33,,,32.77733,-117.32933,AMH,DLC,F,8,HA,0,76,90,M,,,4,1,,,,10,,,,,,,,,,,,,,,,,OFF,,OFF,,,,,,,,,,,,,,STARTING OFF EFFORT OBSERVATIONS TO FIRST STATION
P,CalCOFI0810NH,10/14/2008,10:01,10/14/2008 10:01,8:00:00,10/14/2008 18:01,,,32.84583,-117.31667,AMH,DLC,F,8,HA,0,76,90,M,,,4,1,,,,10,,,,,,,,,,,,,,,,,OFF,,OFF,,,,,,,,,,,,,,Orange text = text added by AJD to fill in missing data.  Extrapolated from nearby times.
W,CalCOFI0810NH,10/14/2008,10:11,10/14/2008 10:11,8:00:00,10/14/2008 18:11,,,32.86933,-117.31550,AMH,DLC,G,8,HA,0,76,90,M,,,3,1,,,,10,,,,,,,,,,,,,,,,,OFF,,OFF,,,,,,,,,,,,,,Glare bearings are assumed to be in True degrees. -AJD
P,CalCOFI0810NH,10/14/2008,10:36,10/14/2008 10:36,8:00:00,10/14/2008 18:36,,,32.92783,-117.30250,AMH,DLC,G,8,HA,0,76,90,M,,,3,1,,,,10,,,,,,,,,,,,,,,,,OFF,,OFF,,,,,,,,,,,,,,
E ,CalCOFI0810NH,10/14/2008,10:47,10/14/2008 10:47,8:00:00,10/14/2008 18:47,,,32.95383,-117.29767,AMH,DLC,G,8,HA,0,76,90,M,,,3,1,,,,10,,,,,,,,,,,,,,,,,OFF,,OFF,,,,,,,,,,,,,,END OF DAY
ET,CalCOFI0810NH,10/14/2008,10:47,10/14/2008 10:47,8:00:00,10/14/2008 18:47,,,32.95383,-117.29767,AMH,DLC,G,8,HA,0,76,90,M,,,3,1,,,,10,,,,,,,,,,,,,,,,,OFF,,OFF,,,,,,,,,,,,,,ARRIVING STATION 93/26.7
B,CalCOFI0810NH,10/15/2008,8:26,10/15/2008 8:26,8:00:00,10/15/2008 16:26,,,32.36033,-118.57250,AMH,DLC,G,8,CL,25,130,147,M,,,2,2,,,,184,,,,,,,,,,,,,,,,,ON,,ON,,,,,,,,,,,,,,BEGIN OBSERVATIONS FOR THE DAY
SB,CalCOFI0810NH,10/15/2008,8:26,10/15/2008 8:26,8:00:00,10/15/2008 16:26,,,32.36033,-118.57250,AMH,DLC,,,,,,,,,,,,1,DLC,1,,138,2,,,20m,25m,,,15,13,28,ND,DSP,,,,ON,,ON,,1,,,,,,,,,,,,"ANIMALS IN MODERATE GLARE, SEEN ON STATION 93/45"
SE,CalCOFI0810NH,10/15/2008,8:26,10/15/2008 8:26,8:00:00,10/15/2008 16:26,,,32.36033,-118.57250,AMH,DLC,,,,,,,,,,,,1,DLC,,,,,,,,,,,15,13,28,ND,DSP,,,,ON,,ON,,1,,,,,,,,,,,,
ST,CalCOFI0810NH,10/15/2008,8:50,10/15/2008 8:50,8:00:00,10/15/2008 16:50,,,32.34950,-118.59450,AMH,DLC,G,8,CL,25,130,147,M,,,2,2,,,,228,,,,,,,,,,,,,,,,,ON,,ON,,,,,,,,,,,,,,LEAVING STATION 93/45; BEGINNING ON EFFORT OBS
SB,CalCOFI0810NH,10/15/2008,8:56,10/15/2008 8:56,8:00:00,10/15/2008 16:56,,,32.34033,-118.60933,AMH,DLC,,,,,,,,,,,,2,DLC,1,,263,1,,,1.0,0.7,255,277,25,18,32,ND,DSP,,,,ON,,ON,,1,,,,,,,,,,,,PROBABLY SAME GROUP AS SEEN ON STATION
SE,CalCOFI0810NH,10/15/2008,8:58,10/15/2008 8:58,8:00:00,10/15/2008 16:58,,,32.33700,-118.61450,AMH,DLC,,,,,,,,,,,,2,DLC,1,,327,0.9,,,,,,,25,18,32,ND,DSP,,,,ON,,ON,,,,,,,,,,,,,,TWO ANIMALS APPROACHED BOAT TO ABOUT 2 RETICLES AND THEN MOVED BACK TO GROUP
XT,CalCOFI0810NH,10/15/2008,9:19,10/15/2008 9:19,8:00:00,10/15/2008 17:19,,,32.30467,-118.66383,AMH,DLC,G,8,CL,25,130,147,M,,,2,2,,,,228,,,,,,,,,,,,,,,,,OFF,,ON,,,,,,,,,,,,,,"SLOWING TO 5.5 KNOTS, FISHING"
RT,CalCOFI0810NH,10/15/2008,9:23,10/15/2008 9:23,8:00:00,10/15/2008 17:23,,,32.29967,-118.67133,AMH,DLC,G,8,CL,25,130,147,M,,,2,2,,,,228,,,,,,,,,,,,,,,,,ON,,ON,,,,,,,,,,,,,,"BACK UP TO SPEED, 9.5 KNOTS"
XT,CalCOFI0810NH,10/15/2008,9:54,10/15/2008 9:54,8:00:00,10/15/2008 17:54,,,32.25567,-118.74233,AMH,DLC,G,8,CL,25,130,147,M,,,2,2,,,,228,,,,,,,,,,,,,,,,,OFF,,ON,,,,,,,,,,,,,,"SLOWING TO 4 KNOTS, MORE FISHING!"
RT,CalCOFI0810NH,10/15/2008,9:59,10/15/2008 9:59,8:00:00,10/15/2008 17:59,,,32.25217,-118.74950,AMH,DLC,G,8,CL,25,130,147,M,,,2,2,,,,228,,,,,,,,,,,,,,,,,ON,,ON,,,,,,,,,,,,,,"BACK UP TO SPEED, 9 KNOTS"
P,CalCOFI0810NH,10/15/2008,10:30,10/15/2008 10:30,8:00:00,10/15/2008 18:30,,,32.21550,-118.82550,AMH,DLC,G,8,CL,25,130,147,M,,,2,2,,,,228,,,,,,,,,,,,,,,,,ON,,ON,,,,,,,,,,,,,,
ET,CalCOFI0810NH,10/15/2008,10:33,10/15/2008 10:33,8:00:00,10/15/2008 18:33,,,32.21117,-118.83450,AMH,DLC,G,8,CL,25,130,147,M,,,2,2,,,,228,,,,,,,,,,,,,,,,,OFF,,ON,,,,,,,,,,,,,,"RETRIEVING ARRAY, ARRIVING STATION 93/50"
ST,CalCOFI0810NH,10/15/2008,13:25,10/15/2008 13:25,8:00:00,10/15/2008 21:25,,,32.15767,-118.85617,AMH,DLC,G,8,CL,40,176,248,M,,,2,2,,,,245,,,,,,,,,,,,,,,,,ON,,ON,,,,,,,,,,,,,,DEPARTING STATION 93/50; ARRAY DEPLOYED
W,CalCOFI0810NH,10/15/2008,13:52,10/15/2008 13:52,8:00:00,10/15/2008 21:52,,,32.12900,-118.92733,AMH,DLC,G,8,CL,40,179,262,SE,,,3,2,,,,247,,,,,,,,,,,,,,,,,ON,,ON,,,,,,,,,,,,,,
P,CalCOFI0810NH,10/15/2008,14:26,10/15/2008 14:26,8:00:00,10/15/2008 22:26,,,32.09367,-119.02017,AMH,DLC,G,8,CL,40,179,262,SE,,,3,2,,,,247,,,,,,,,,,,,,,,,,ON,,ON,,,,,,,,,,,,,,
XT,CalCOFI0810NH,10/15/2008,14:52,10/15/2008 14:52,8:00:00,10/15/2008 22:52,,,32.06567,-119.09467,AMH,DLC,G,8,CL,40,179,262,SE,,,3,2,,,,247,,,,,,,,,,,,,,,,,OFF,,ON,,,,,,,,,,,,,,"SLOWED TO 5 KNOTS, FISHING"
RT,CalCOFI0810NH,10/15/2008,14:54,10/15/2008 14:54,8:00:00,10/15/2008 22:54,,,32.06417,-119.09850,AMH,DLC,G,8,CL,40,179,262,SE,,,3,2,,,,247,,,,,,,,,,,,,,,,,ON,,ON,,,,,,,,,,,,,,"BACK UP TO SPEED, 9 KNOTS"
E,CalCOFI0810NH,10/15/2008,15:17,10/15/2008 15:17,8:00:00,10/15/2008 23:17,,,32.03950,-119.16450,AMH,DLC,G,8,CL,40,179,262,SE,,,3,2,,,,247,,,,,,,,,,,,,,,,,OFF,,ON,,,,,,,,,,,,,,END OF DAY
ET,CalCOFI0810NH,10/15/2008,15:17,10/15/2008 15:17,8:00:00,10/15/2008 23:17,,,32.03950,-119.16450,AMH,DLC,G,8,CL,40,179,262,SE,,,3,2,,,,247,,,,,,,,,,,,,,,,,OFF,,ON,,,,,,,,,,,,,,ARRIVING STATION 93/55
B,CalCOFI0810NH,10/16/2008,6:11,10/16/2008 6:11,8:00:00,10/16/2008 14:11,,,31.38500,-120.53417,DLC,AMH,G,7,HA,0,0,0,N,,,2,2,,,,238,,,,,,,,,,,,,,,,,ON,,ON,,,,,,,,,,,,,,STARTING MID TRANSIT TO STATION 93/80; ARRAY DEPLOYED
ST,CalCOFI0810NH,10/16/2008,6:11,10/16/2008 6:11,8:00:00,10/16/2008 14:11,,,31.38500,-120.53417,DLC,AMH,G,7,HA,0,0,0,N,,,2,2,,,,238,,,,,,,,,,,,,,,,,ON,,ON,,,,,,,,,,,,,,STARTING MID TRANSIT TO STATION 93/80; ARRAY DEPLOYED
P,CalCOFI0810NH,10/16/2008,7:00,10/16/2008 7:00,8:00:00,10/16/2008 15:00,,,31.32367,-120.66083,DLC,AMH,G,7,HA,0,0,0,N,,,2,2,,,,238,,,,,,,,,,,,,,,,,ON,,ON,,,,,,,,,,,,,,
OO,CalCOFI0810NH,10/16/2008,7:13,10/16/2008 7:13,8:00:00,10/16/2008 15:13,,,31.30717,-120.69767,DLC,AMH,G,7,HA,0,0,0,N,,,2,2,,,,238,,,,,,,,,,,,,,,,,OFF,,ON,,,,,,,,,,,,,,ROTATING THROUGH BREAKFAST
OB,CalCOFI0810NH,10/16/2008,7:51,10/16/2008 7:51,8:00:00,10/16/2008 15:51,,,31.25600,-120.79183,DLC,AMH,G,7,HA,0,0,0,N,,,2,4,,,,238,,,,,,,,,,,,,,,,,ON,,ON,,,,,,,,,,,,,,BOTH OBSERVERS ON WATCH
W,CalCOFI0810NH,10/16/2008,7:51,10/16/2008 7:51,8:00:00,10/16/2008 15:51,,,31.25600,-120.79183,DLC,AMH,G,7,HA,0,0,0,N,,,2,4,,,,238,,,,,,,,,,,,,,,,,ON,,ON,,,,,,,,,,,,,,
ET,CalCOFI0810NH,10/16/2008,8:17,10/16/2008 8:17,8:00:00,10/16/2008 16:17,,,31.21767,-120.84967,DLC,AMH,G,7,HA,0,0,0,N,,,2,4,,,,238,,,,,,,,,,,,,,,,,OFF,,ON,,,,,,,,,,,,,,ARRIVING STATION 93/80; RETRIEVING ARRAY
ST,CalCOFI0810NH,10/16/2008,11:12,10/16/2008 11:12,8:00:00,10/16/2008 19:12,,,31.19033,-120.92550,DLC,AMH,G,7,HA,0,0,0,N,,,2,4,,,,237,,,,,,,,,,,,,,,,,OFF,,ON,,,,,,,,,,,,,,DEPARTING STATION 93/80; ARRAY DEPLOYED; OBSERVERS ROTATING THROUGH LUNCH
OO,CalCOFI0810NH,10/16/2008,11:12,10/16/2008 11:12,8:00:00,10/16/2008 19:12,,,31.19033,-120.92550,DLC,AMH,G,7,HA,0,0,0,N,,,2,4,,,,237,,,,,,,,,,,,,,,,,OFF,,ON,,,,,,,,,,,,,,DEPARTING STATION 93/80; ARRAY DEPLOYED; OBSERVERS ROTATING THROUGH LUNCH
OB,CalCOFI0810NH,10/16/2008,11:40,10/16/2008 11:40,8:00:00,10/16/2008 19:40,,,31.15250,-120.99633,DLC,AMH,G,7,HA,0,0,0,N,,,2,4,,,,237,,,,,,,,,,,,,,,,,ON,,ON,,,,,,,,,,,,,,BOTH OBSERVERS ON WATCH
W,CalCOFI0810NH,10/16/2008,11:40,10/16/2008 11:40,8:00:00,10/16/2008 19:40,,,31.15250,-120.99633,DLC,AMH,E,7,CL,15,176,186,SL,,,1,4,,,,237,,,,,,,,,,,,,,,,,ON,,ON,,,,,,,,,,,,,,
SB,CalCOFI0810NH,10/16/2008,11:59,10/16/2008 11:59,8:00:00,10/16/2008 19:59,,,31.12617,-121.04400,DLC,AMH,,,,,,,,,,,,3,AMH,1,,277,5.3,,,,,,,2,2,2,0,DD,,,,ON,,ON,,2,,,,,,,,,,,,"APPROACHED BOW, NO BOWRIDING, MOVED OFF"
SE,CalCOFI0810NH,10/16/2008,11:59,10/16/2008 11:59,8:00:00,10/16/2008 19:59,,,31.12617,-121.04400,DLC,AMH,,,,,,,,,,,,3,AMH,,,,,,,,,,,2,2,2,0,DD,,,,ON,,ON,,2,,,,,,,,,,,,
W,CalCOFI0810NH,10/16/2008,12:33,10/16/2008 12:33,8:00:00,10/16/2008 20:33,,,31.07733,-121.12833,DLC,AMH,E,7,OV,80,164,201,SL,,,1,4,,,,237,,,,,,,,,,,,,,,,,ON,,ON,,,,,,,,,,,,,,
P,CalCOFI0810NH,10/16/2008,13:10,10/16/2008 13:10,8:00:00,10/16/2008 21:10,,,31.02217,-121.22183,DLC,AMH,E,7,OV,80,164,201,SL,,,1,4,,,,237,,,,,,,,,,,,,,,,,ON,,ON,,,,,,,,,,,,,,
SB,CalCOFI0810NH,10/16/2008,13:38,10/16/2008 13:38,8:00:00,10/16/2008 21:38,,,30.98233,-121.29283,DLC,AMH,,,,,,,,,,,,4,DLC,4,,260,10,,,,,,,4,4,4,0,DD,,,,ON,,ON,,2,5,,,,,,,,,,,APPROACHED VESSEL
SE,CalCOFI0810NH,10/16/2008,13:44,10/16/2008 13:44,8:00:00,10/16/2008 21:44,,,30.97400,-121.30817,DLC,AMH,,,,,,,,,,,,4,DLC,,,,,,,,,,,4,4,4,0,DD,,,,ON,,ON,,,,,,,,,,,,,,ANIMALS MOVED TO STERN
SB,CalCOFI0810NH,10/16/2008,13:50,10/16/2008 13:50,8:00:00,10/16/2008 21:50,,,30.96550,-121.32383,DLC,AMH,,,,,,,,,,,,5,DLC,4,,219,2.3,,,,,,,6,4,8,0,DD,,,,ON,,ON,,1,5,,,,,,,,,,,APPROACHED VESSEL
SE,CalCOFI0810NH,10/16/2008,13:56,10/16/2008 13:56,8:00:00,10/16/2008 21:56,,,30.95733,-121.33900,DLC,AMH,,,,,,,,,,,,5,DLC,,,,,,,,,,,6,4,8,0,DD,,,,ON,,ON,,,,,,,,,,,,,,STAYED WITH SHIP AND MOVED TO STERN
SB,CalCOFI0810NH,10/16/2008,14:01,10/16/2008 14:01,8:00:00,10/16/2008 22:01,,,30.95117,-121.35083,DLC,AMH,,,,,,,,,,,,6,AMH,1,,312,1.8,,,,,,,8,6,10,ND,UD,,,,ON,,ON,,0,,,,,,,,,,,,SPLASHES SEEN
SE,CalCOFI0810NH,10/16/2008,14:01,10/16/2008 14:01,8:00:00,10/16/2008 22:01,,,30.95117,-121.35083,DLC,AMH,,,,,,,,,,,,6,AMH,,,,,,,,,,,8,6,10,ND,UD,,,,ON,,ON,,0,,,,,,,,,,,,
W,CalCOFI0810NH,10/16/2008,14:24,10/16/2008 14:24,8:00:00,10/16/2008 22:24,,,30.92067,-121.40983,DLC,AMH,E,7,HA,0,201,221,M,,,1,4,,,,240,,,,,,,,,,,,,,,,,ON,,ON,,,,,,,,,,,,,,
SB,CalCOFI0810NH,10/16/2008,14:34,10/16/2008 14:34,8:00:00,10/16/2008 22:34,,,30.90850,-121.43367,DLC,AMH,,,,,,,,,,,,7,AMH,1,,249,7.8,,,,,,,5,4,9,0,DD,,,,ON,,ON,,1,5,,,,,,,,,,,
SE,CalCOFI0810NH,10/16/2008,14:37,10/16/2008 14:37,8:00:00,10/16/2008 22:37,,,30.90433,-121.44133,DLC,AMH,,,,,,,,,,,,7,AMH,,,,,,,,,,,5,4,9,0,DD,,,,ON,,ON,,,,,,,,,,,,,,APPROACHED VESSEL AND THEN MOVED TO STERN
W,CalCOFI0810NH,10/16/2008,14:48,10/16/2008 14:48,8:00:00,10/16/2008 22:48,,,30.89000,-121.46983,DLC,AMH,E,7,HA,0,201,246,SE,,,1,4,,,,242,,,,,,,,,,,,,,,,,ON,,ON,,,,,,,,,,,,,,
SB,CalCOFI0810NH,10/16/2008,14:53,10/16/2008 14:53,8:00:00,10/16/2008 22:53,,,30.88350,-121.48350,DLC,AMH,,,,,,,,,,,,8,AMH,1,,294,2.3,,,,,,,10,7,12,0,DD,,,,ON,,ON,,1,5,,,,,,,,,,,
SP,CalCOFI0810NH,10/16/2008,14:58,10/16/2008 14:58,8:00:00,10/16/2008 22:58,,,30.87783,-121.49533,DLC,AMH,,,,,,,,,,,,8,AMH,,,,,,,,,,,10,7,12,0,DD,,,,ON,,ON,,1,5,,,,,,,,,,,FIVE ANIMALS STAYED WITH SHIP BOWRIDING PLUS ONE ZC
SE,CalCOFI0810NH,10/16/2008,14:59,10/16/2008 14:59,8:00:00,10/16/2008 22:59,,,30.87583,-121.49983,DLC,AMH,,,,,,,,,,,,8,AMH,,,,,,,,,,,10,7,12,0,DD,,,,ON,,ON,,,,,,,,,,,,,,ANIMALS MOVED AWAY FROM VESSEL
E,CalCOFI0810NH,10/16/2008,15:08,10/16/2008 15:08,8:00:00,10/16/2008 23:08,,,30.86600,-121.52117,DLC,AMH,E,7,HA,0,201,246,SE,,,1,4,,,,242,,,,,,,,,,,,,,,,,OFF,,ON,,,,,,,,,,,,,,ARRIVING STATION 93/90; RETREIVING ARRAY
ET,CalCOFI0810NH,10/16/2008,15:08,10/16/2008 15:08,8:00:00,10/16/2008 23:08,,,30.86600,-121.52117,DLC,AMH,E,7,HA,0,201,246,SE,,,1,4,,,,242,,,,,,,,,,,,,,,,,OFF,,ON,,,,,,,,,,,,,,ARRIVING STATION 93/90; RETREIVING ARRAY
B,CalCOFI0810NH,10/17/2008,6:27,10/17/2008 6:27,8:00:00,10/17/2008 14:27,,,30.15633,-123.03700,AMH,DLC,G,8,OV,80,0,0,N,,,2,4,,,,238,,,,,,,,,,,,,,,,,ON,,ON,,,,,,,,,,,,,,STARTING MID TRANSIT TO STATION 93/120; ARRAY DEPLOYED
ST,CalCOFI0810NH,10/17/2008,6:27,10/17/2008 6:27,8:00:00,10/17/2008 14:27,,,30.15633,-123.03700,AMH,DLC,G,8,OV,80,0,0,N,,,2,4,,,,238,,,,,,,,,,,,,,,,,ON,,ON,,,,,,,,,,,,,,STARTING MID TRANSIT TO STATION 93/120; ARRAY DEPLOYED
XT,CalCOFI0810NH,10/17/2008,6:39,10/17/2008 6:39,8:00:00,10/17/2008 14:39,,,30.13917,-123.06967,AMH,DLC,G,8,OV,80,0,0,N,,,2,4,,,,238,,,,,,,,,,,,,,,,,OFF,,ON,,,,,,,,,,,,,,"SLOWING TO 4 KNOTS, FISHING"
RT,CalCOFI0810NH,10/17/2008,6:45,10/17/2008 6:45,8:00:00,10/17/2008 14:45,,,30.13550,-123.07650,AMH,DLC,G,8,OV,80,0,0,N,,,2,4,,,,238,,,,,,,,,,,,,,,,,ON,,ON,,,,,,,,,,,,,,"BACK UP TO SPEED, 9 KNOTS"
OO,CalCOFI0810NH,10/17/2008,7:15,10/17/2008 7:15,8:00:00,10/17/2008 15:15,,,30.09333,-123.15583,AMH,DLC,G,8,OV,80,0,0,N,,,2,4,,,,238,,,,,,,,,,,,,,,,,OFF,,ON,,,,,,,,,,,,,,ROTATING THROUGH BREAKFAST
OB,CalCOFI0810NH,10/17/2008,8:01,10/17/2008 8:01,8:00:00,10/17/2008 16:01,,,30.02767,-123.27383,AMH,DLC,G,8,OV,80,0,0,N,,,2,4,,,,238,,,,,,,,,,,,,,,,,ON,,ON,,,,,,,,,,,,,,BOTH OBSERVERS ON WATCH
SB,CalCOFI0810NH,10/17/2008,8:01,10/17/2008 8:01,8:00:00,10/17/2008 16:01,,,30.02767,-123.27383,AMH,DLC,,,,,,,,,,,,9,AMH,5,,164,,400,,,,,,7,6,9,1,DD,,,,ON,,ON,,1,5,,,,,,,,,,,"SMALLER GROUP FURTHER OUT, SOME ANIMALS (MOM AND CALF) APPROACHED SHIP"
SE,CalCOFI0810NH,10/17/2008,8:05,10/17/2008 8:05,8:00:00,10/17/2008 16:05,,,30.02183,-123.28333,AMH,DLC,,,,,,,,,,,,9,AMH,5,,74,2.6,,,,,,,7,6,9,1,DD,,,,ON,,ON,,1,,,,,,,,,,,,ANIMALS MOVED OFF BEHIND VESSEL
P,CalCOFI0810NH,10/17/2008,8:55,10/17/2008 8:55,8:00:00,10/17/2008 16:55,,,29.94550,-123.41083,AMH,DLC,G,8,OV,80,0,0,N,,,2,4,,,,238,,,,,,,,,,,,,,,,,ON,,ON,,,,,,,,,,,,,,
ET,CalCOFI0810NH,10/17/2008,9:40,10/17/2008 9:40,8:00:00,10/17/2008 17:40,,,29.88233,-123.51583,AMH,DLC,G,8,OV,80,0,0,N,,,2,4,,,,238,,,,,,,,,,,,,,,,,OFF,,ON,,,,,,,,,,,,,,ARRIVING STATION 93/120; PULLING IN ARRAY
ST,CalCOFI0810NH,10/17/2008,12:22,10/17/2008 12:22,8:00:00,10/17/2008 20:22,,,29.85367,-123.55900,AMH,DLC,G,8,CL,30,0,0,N,,,3,4,,,,320,,,,,,,,,,,,,,,,,ON,,ON,,,,,,,,,,,,,,DEPARTING STATION 93/120; ARRAY DEPLOYED
XT,CalCOFI0810NH,10/17/2008,12:35,10/17/2008 12:35,8:00:00,10/17/2008 20:35,,,29.87883,-123.57983,AMH,DLC,G,8,CL,30,0,0,N,,,3,4,,,,320,,,,,,,,,,,,,,,,,OFF,,ON,,,,,,,,,,,,,,"SLOWING TO 4 KNOTS, FISHING"
RT,CalCOFI0810NH,10/17/2008,12:43,10/17/2008 12:43,8:00:00,10/17/2008 20:43,,,29.88683,-123.58483,AMH,DLC,G,8,CL,30,0,0,N,,,3,4,,,,320,,,,,,,,,,,,,,,,,ON,,ON,,,,,,,,,,,,,,"BACK UP TO SPEED, 9 KNOTS"
W,CalCOFI0810NH,10/17/2008,12:52,10/17/2008 12:52,8:00:00,10/17/2008 20:52,,,29.90433,-123.59950,AMH,DLC,G,8,CL,30,230,248,SL,,,3,4,,,,320,,,,,,,,,,,,,,,,,ON,,ON,,,,,,,,,,,,,,
P,CalCOFI0810NH,10/17/2008,13:31,10/17/2008 13:31,8:00:00,10/17/2008 21:31,,,29.98817,-123.66467,AMH,DLC,G,8,CL,30,230,248,SL,,,3,4,,,,320,,,,,,,,,,,,,,,,,ON,,ON,,,,,,,,,,,,,,
W,CalCOFI0810NH,10/17/2008,14:03,10/17/2008 14:03,8:00:00,10/17/2008 22:03,,,30.05250,-123.71550,AMH,DLC,G,8,CL,30,230,262,M,,,3,4,,,,320,,,,,,,,,,,,,,,,,ON,,ON,,,,,,,,,,,,,,
XT,CalCOFI0810NH,10/17/2008,14:10,10/17/2008 14:10,8:00:00,10/17/2008 22:10,,,30.06600,-123.72617,AMH,DLC,G,8,CL,30,230,262,M,,,3,4,,,,320,,,,,,,,,,,,,,,,,OFF,,ON,,,,,,,,,,,,,,"SLOWING TO 4 KNOTS, FISHING"
RT,CalCOFI0810NH,10/17/2008,14:16,10/17/2008 14:16,8:00:00,10/17/2008 22:16,,,30.07617,-123.73417,AMH,DLC,G,8,CL,30,230,262,M,,,3,4,,,,320,,,,,,,,,,,,,,,,,ON,,ON,,,,,,,,,,,,,,BACK UP TO SPEED
W,CalCOFI0810NH,10/17/2008,14:57,10/17/2008 14:57,8:00:00,10/17/2008 22:57,,,30.16083,-123.80233,AMH,DLC,G,8,CL,30,230,278,M,,,2,4,,,,320,,,,,,,,,,,,,,,,,ON,,ON,,,,,,,,,,,,,,
P,CalCOFI0810NH,10/17/2008,15:18,10/17/2008 15:18,8:00:00,10/17/2008 23:18,,,30.20267,-123.83700,AMH,DLC,G,8,CL,30,230,278,M,,,2,4,,,,320,,,,,,,,,,,,,,,,,ON,,ON,,,,,,,,,,,,,,
XT,CalCOFI0810NH,10/17/2008,15:34,10/17/2008 15:34,8:00:00,10/17/2008 23:34,,,30.23483,-123.86117,AMH,DLC,G,8,CL,30,230,278,M,,,2,4,,,,320,,,,,,,,,,,,,,,,,OFF,,ON,,,,,,,,,,,,,,"SLOWING TO 4 KNOTS, FISHING"
RT,CalCOFI0810NH,10/17/2008,15:37,10/17/2008 15:37,8:00:00,10/17/2008 23:37,,,30.23950,-123.86467,AMH,DLC,G,8,CL,30,230,278,M,,,2,4,,,,320,,,,,,,,,,,,,,,,,ON,,ON,,,,,,,,,,,,,,BACK UP TO SPEED
SB,CalCOFI0810NH,10/17/2008,15:53,10/17/2008 15:53,8:00:00,10/17/2008 23:53,,,30.27233,-123.89000,AMH,DLC,,,,,,,,,,,,10,AMH,1,,320,2.3,,,,,,,7,5,12,ND,DSP,,,,ON,,ON,,9,,,,,,,,,,,,
SE,CalCOFI0810NH,10/17/2008,15:57,10/17/2008 15:57,8:00:00,10/17/2008 23:57,,,30.28000,-123.89583,AMH,DLC,,,,,,,,,,,,10,AMH,1,,86,3.4,,,,,,,7,5,12,ND,DSP,,,,ON,,ON,,9,,,,,,,,,,,,LOW SURFACINGS
XT,CalCOFI0810NH,10/17/2008,16:01,10/17/2008 16:01,8:00:00,10/18/2008 0:01,,,30.28783,-123.90200,AMH,DLC,G,8,CL,30,230,278,M,,,2,4,,,,320,,,,,,,,,,,,,,,,,OFF,,ON,,,,,,,,,,,,,,"SLOWING TO 4 KNOTS, FISHING"
RT,CalCOFI0810NH,10/17/2008,16:06,10/17/2008 16:06,8:00:00,10/18/2008 0:06,,,30.29100,-123.90417,AMH,DLC,G,8,CL,30,230,278,M,,,2,4,,,,320,,,,,,,,,,,,,,,,,ON,,ON,,,,,,,,,,,,,,BACK UP TO SPEED
W,CalCOFI0810NH,10/17/2008,16:11,10/17/2008 16:11,8:00:00,10/18/2008 0:11,,,30.30217,-123.91317,AMH,DLC,G,8,CL,30,230,272,SL,,,2,4,,,,320,,,,,,,,,,,,,,,,,ON,,ON,,,,,,,,,,,,,,
W,CalCOFI0810NH,10/17/2008,16:32,10/17/2008 16:32,8:00:00,10/18/2008 0:32,,,30.34467,-123.94767,AMH,DLC,G,8,OV,80,0,0,N,,,2,4,,,,320,,,,,,,,,,,,,,,,,ON,,ON,,,,,,,,,,,,,,
E,CalCOFI0810NH,10/17/2008,16:39,10/17/2008 16:39,8:00:00,10/18/2008 0:39,,,30.35967,-123.96000,AMH,DLC,G,8,OV,80,0,0,N,,,2,4,,,,320,,,,,,,,,,,,,,,,,OFF,,ON,,,,,,,,,,,,,,END OF DAY
ET,CalCOFI0810NH,10/17/2008,16:39,10/17/2008 16:39,8:00:00,10/18/2008 0:39,,,30.35967,-123.96000,AMH,DLC,G,8,OV,80,0,0,N,,,2,4,,,,320,,,,,,,,,,,,,,,,,OFF,,ON,,,,,,,,,,,,,,ARRIVING STATION 90/120; PULLING IN ARRAY
B,CalCOFI0810NH,10/18/2008,6:32,10/18/2008 6:32,8:00:00,10/18/2008 14:32,,,31.04417,-122.71767,DLC,AMH,G,6,OV,100,0,0,N,,,2,1,,,,56,,,,,,,,,,,,,,,,,ON,,ON,,,,,,,,,,,,,,STARTING MID TRANSIT TO 90/100; NO ARRAY DEPLOYED
ST,CalCOFI0810NH,10/18/2008,6:32,10/18/2008 6:32,8:00:00,10/18/2008 14:32,,,31.04417,-122.71767,DLC,AMH,G,6,OV,100,0,0,N,,,2,1,,,,56,,,,,,,,,,,,,,,,,ON,,ON,,,,,,,,,,,,,,STARTING MID TRANSIT TO 90/100; NO ARRAY DEPLOYED
ET,CalCOFI0810NH,10/18/2008,6:52,10/18/2008 6:52,8:00:00,10/18/2008 14:52,,,31.05417,-122.67383,DLC,AMH,G,6,OV,100,0,0,N,,,2,1,,,,56,,,,,,,,,,,,,,,,,OFF,,ON,,,,,,,,,,,,,,"ARRIVING STATION 90/100; IS PROTO; WE ARE AHEAD OF SCHEDULE, SHIP WILL SURPASS STATION FOR ONE MILE AND BACKTRACK FOR A 7:30AM ARRIVAL"
ST,CalCOFI0810NH,10/18/2008,10:08,10/18/2008 10:08,8:00:00,10/18/2008 18:08,,,31.10367,-122.63767,DLC,AMH,G,6,OV,100,0,0,N,,,2,1,,,,58,,,,,,,,,,,,,,,,,ON,,ON,,,,,,,,,,,,,,DEPARTED STATION 90/100; ARRAY DEPLOYED
W,CalCOFI0810NH,10/18/2008,10:34,10/18/2008 10:34,8:00:00,10/18/2008 18:34,,,31.13833,-122.56417,DLC,AMH,G,6,OV,100,106,150,M,,,2,1,,,,60,,,,,,,,,,,,,,,,,ON,,ON,,,,,,,,,,,,,,
OO,CalCOFI0810NH,10/18/2008,11:14,10/18/2008 11:14,8:00:00,10/18/2008 19:14,,,31.19200,-122.45017,DLC,AMH,G,6,OV,100,106,150,M,,,2,1,,,,60,,,,,,,,,,,,,,,,,OFF,,ON,,,,,,,,,,,,,,ROTATING THROUGH LUNCH
SB,CalCOFI0810NH,10/18/2008,11:56,10/18/2008 11:56,8:00:00,10/18/2008 19:56,,,31.25050,-122.33450,DLC,AMH,,,,,,,,,,,,11,AMH,1,,69,1.6,,,,,,,16,13,22,ND,DD,,,,OFF,,ON,,1,,,,,,,,,,,,CONFIRMED DD WITH 18X BINOS
SE,CalCOFI0810NH,10/18/2008,12:03,10/18/2008 12:03,8:00:00,10/18/2008 20:03,,,31.26017,-122.31383,DLC,AMH,,,,,,,,,,,,11,AMH,1,,134,1.2,,,,,,,16,13,22,ND,DD,,,,OFF,,ON,,1,,,,,,,,,,,,
OB,CalCOFI0810NH,10/18/2008,12:13,10/18/2008 12:13,8:00:00,10/18/2008 20:13,,,31.27300,-122.28633,DLC,AMH,G,6,OV,100,106,150,M,,,2,1,,,,60,,,,,,,,,,,,,,,,,ON,,ON,,,,,,,,,,,,,,BOTH OBSERVERS ON WATCH
SH,CalCOFI0810NH,10/18/2008,12:24,10/18/2008 12:24,8:00:00,10/18/2008 20:24,,,31.28683,-122.25667,DLC,AMH,,,,,,,,,,,,SH1,DLC,,,353,0.1,,,,,,,,,,,,,,,ON,,ON,,,,,,,,,,,,,,CARGO SHIP
SH,CalCOFI0810NH,10/18/2008,12:44,10/18/2008 12:44,8:00:00,10/18/2008 20:44,,,31.31350,-122.19917,DLC,AMH,,,,,,,,,,,,SH1,DLC,,,83,0.2,,,,,,,,,,,,,,,ON,,ON,,,,,,,,,,,,,,CARGO SHIP UPDATE
P,CalCOFI0810NH,10/18/2008,13:31,10/18/2008 13:31,8:00:00,10/18/2008 21:31,,,31.37717,-122.06583,DLC,AMH,G,6,OV,100,106,150,M,,,2,1,,,,60,,,,,,,,,,,,,,,,,ON,,ON,,,,,,,,,,,,,,
ET,CalCOFI0810NH,10/18/2008,13:43,10/18/2008 13:43,8:00:00,10/18/2008 21:43,,,31.39333,-122.03333,DLC,AMH,G,6,OV,100,106,150,M,,,2,1,,,,60,,,,,,,,,,,,,,,,,OFF,,ON,,,,,,,,,,,,,,ARRIVING STATION 90/90; RETIEVING ARRAY
ST,CalCOFI0810NH,10/18/2008,16:20,10/18/2008 16:20,8:00:00,10/19/2008 0:20,,,31.41367,-122.00167,DLC,AMH,G,6,OV,100,106,150,M,,,2,1,,,,59,,,,,,,,,,,,,,,,,ON,,ON,,,,,,,,,,,,,,DEPARTING STATION 90/90; ARRAY DEPLOYED
OO,CalCOFI0810NH,10/18/2008,17:04,10/18/2008 17:04,8:00:00,10/19/2008 1:04,,,31.46917,-121.87883,DLC,AMH,G,6,OV,100,106,150,M,,,2,1,,,,59,,,,,,,,,,,,,,,,,OFF,,ON,,,,,,,,,,,,,,ROTATING THROUGH DINNER
E,CalCOFI0810NH,10/18/2008,17:27,10/18/2008 17:27,8:00:00,10/19/2008 1:27,,,31.49800,-121.81750,DLC,AMH,G,6,OV,100,106,150,M,,,2,1,,,,59,,,,,,,,,,,,,,,,,OFF,,ON,,,,,,,,,,,,,,END OF DAY
ET,CalCOFI0810NH,10/18/2008,17:27,10/18/2008 17:27,8:00:00,10/19/2008 1:27,,,31.49800,-121.81750,DLC,AMH,G,6,OV,100,106,150,M,,,2,1,,,,59,,,,,,,,,,,,,,,,,OFF,,ON,,,,,,,,,,,,,,"ENDING MID-TRANSIT, SUNSET"
B,CalCOFI0810NH,10/19/2008,6:25,10/19/2008 6:25,8:00:00,10/19/2008 14:25,,,32.19417,-120.45050,AMH,DLC,G,7,OV,95,0,0,N,,,2,2,,,,61,,,,,,,,,,,,,,,,,ON,,ON,,,,,,,,,,,,,,
SB,CalCOFI0810NH,10/19/2008,6:25,10/19/2008 6:25,8:00:00,10/19/2008 14:25,,,32.19417,-120.45050,AMH,DLC,,,,,,,,,,,,12,AMH,5,,294,,200,,,,,,10,2,20,ND,DD,,,,OFF,,ON,,1,,,,,,,,,,,,KM INFORMED OBSERVERS OF SIGHTING BEFORE HEADING UP FOR WATCH.
SE,CalCOFI0810NH,10/19/2008,6:25,10/19/2008 6:25,8:00:00,10/19/2008 14:25,,,32.19417,-120.45050,AMH,DLC,,,,,,,,,,,,12,AMH,5,,294,,200,,,,,,10,2,20,ND,DD,,,,OFF,,ON,,1,,,,,,,,,,,,
ST,CalCOFI0810NH,10/19/2008,6:25,10/19/2008 6:25,8:00:00,10/19/2008 14:25,,,32.19417,-120.45050,AMH,DLC,G,7,OV,95,0,0,N,,,2,2,,,,61,,,,,,,,,,,,,,,,,ON,,ON,,,,,,,,,,,,,,
W,CalCOFI0810NH,10/19/2008,6:48,10/19/2008 6:48,8:00:00,10/19/2008 14:48,,,32.22450,-120.38450,AMH,DLC,G,7,OV,95,0,0,N,,,3,2,,,,61,,,,,,,,,,,,,,,,,ON,,ON,,,,,,,,,,,,,,
OO,CalCOFI0810NH,10/19/2008,7:14,10/19/2008 7:14,8:00:00,10/19/2008 15:14,,,32.25967,-120.30833,AMH,DLC,G,7,OV,95,0,0,N,,,3,2,,,,61,,,,,,,,,,,,,,,,,OFF,,ON,,,,,,,,,,,,,,ROTATING THROUGH BREAKFAST
SB,CalCOFI0810NH,10/19/2008,7:23,10/19/2008 7:23,8:00:00,10/19/2008 15:23,,,32.27133,-120.28233,AMH,DLC,,,,,,,,,,,,13,AMH,1,,54,0.6,,,,,,,5,3,8,ND,GG,,,,OFF,,ON,,9,,,,,,,,,,,,NO DIRECTIONAL TRAVEL
SE,CalCOFI0810NH,10/19/2008,7:33,10/19/2008 7:33,8:00:00,10/19/2008 15:33,,,32.28333,-120.25500,AMH,DLC,,,,,,,,,,,,13,AMH,1,,207,2.3,,,,,,,5,3,8,ND,GG,,,,OFF,,ON,,9,,,,,,,,,,,,
OB,CalCOFI0810NH,10/19/2008,7:57,10/19/2008 7:57,8:00:00,10/19/2008 15:57,,,32.31533,-120.18183,AMH,DLC,G,7,OV,95,0,0,N,,,3,2,,,,61,,,,,,,,,,,,,,,,,ON,,ON,,,,,,,,,,,,,,BOTH OBSERVERS  ON WATCH
W,CalCOFI0810NH,10/19/2008,8:07,10/19/2008 8:07,8:00:00,10/19/2008 16:07,,,32.32733,-120.15550,AMH,DLC,G,7,OV,95,0,0,N,,,2,2,,,,61,,,,,,,,,,,,,,,,,ON,,ON,,,,,,,,,,,,,,
W,CalCOFI0810NH,10/19/2008,8:18,10/19/2008 8:18,8:00:00,10/19/2008 16:18,,,32.34117,-120.12067,AMH,DLC,G,7,OV,95,114,151,SL,,,3,2,,,,61,,,,,,,,,,,,,,,,,ON,,ON,,,,,,,,,,,,,,
SB,CalCOFI0810NH,10/19/2008,8:20,10/19/2008 8:20,8:00:00,10/19/2008 16:20,,,32.34367,-120.11433,AMH,DLC,,,,,,,,,,,,14,DLC,5,,76,3,,,,,,,230,195,280,ND,DD,,,,ON,,ON,,2,5,,,,,,,,,,,
SP,CalCOFI0810NH,10/19/2008,8:23,10/19/2008 8:23,8:00:00,10/19/2008 16:23,,,32.34767,-120.10417,AMH,DLC,,,,,,,,,,,,14,DLC,5,,76,2.2,,,2.2,2.0,53,71,230,195,280,ND,DD,,,,ON,,ON,,2,5,,,,,,,,,,,"LINE OF ANIMALS PASSING BY BOAT; ANIMALS FURTHER OUT APPROACHING BOAT, ANIMALS CLOSE TO BOAT ARE BOWRIDING"
SP,CalCOFI0810NH,10/19/2008,8:32,10/19/2008 8:32,8:00:00,10/19/2008 16:32,,,32.35950,-120.07717,AMH,DLC,,,,,,,,,,,,14,DLC,1,,234,0.6,,,,,,,230,195,280,ND,DD,,,,ON,,ON,,2,5,,,,,,,,,,,ABOUT 6 ANIMALS STILL BOWRIDING WITH SHIP
W,CalCOFI0810NH,10/19/2008,8:32,10/19/2008 8:32,8:00:00,10/19/2008 16:32,,,32.35950,-120.07717,AMH,DLC,G,7,OV,95,0,0,N,,,3,2,,,,61,,,,,,,,,,,,,,,,,ON,,ON,,,,,,,,,,,,,,
SB,CalCOFI0810NH,10/19/2008,8:48,10/19/2008 8:48,8:00:00,10/19/2008 16:48,,,32.38267,-120.03000,AMH,DLC,,,,,,,,,,,,15,DLC,5,,91,,275,,,,,,6,4,7,0,DD,,,,ON,,ON,,2,,,,,,,,,,,,SMALL GROUP PASSED BY VESSEL; DID NOT BOW RIDE
SE,CalCOFI0810NH,10/19/2008,8:48,10/19/2008 8:48,8:00:00,10/19/2008 16:48,,,32.38267,-120.03000,AMH,DLC,,,,,,,,,,,,15,DLC,,,,,,,,,,,6,4,7,0,DD,,,,ON,,ON,,2,,,,,,,,,,,,
SP,CalCOFI0810NH,10/19/2008,8:48,10/19/2008 8:48,8:00:00,10/19/2008 16:48,,,32.38267,-120.03000,AMH,DLC,,,,,,,,,,,,14,DLC,5,,46,,50,,,,,,3,3,5,0,DD,,,,ON,,ON,,5,,,,,,,,,,,,3-5 ANIMALS STICKING WITH SHIP
ET,CalCOFI0810NH,10/19/2008,8:53,10/19/2008 8:53,8:00:00,10/19/2008 16:53,,,32.38950,-120.01633,AMH,DLC,G,7,OV,95,0,0,N,,,3,2,,,,61,,,,,,,,,,,,,,,,,OFF,,ON,,,,,,,,,,,,,,ARRIVING STATION 90/60; PULLING IN ARRAY
SE,CalCOFI0810NH,10/19/2008,8:53,10/19/2008 8:53,8:00:00,10/19/2008 16:53,,,32.38950,-120.01633,AMH,DLC,,,,,,,,,,,,14,DLC,,,,,,,,,,,3,3,5,0,DD,,,,ON,,ON,,5,,,,,,,,,,,,"ANIMALS STILL BOWRIDING, BUT ENDING TRANSECT"
ST,CalCOFI0810NH,10/19/2008,11:46,10/19/2008 11:46,8:00:00,10/19/2008 19:46,,,32.41800,-119.94650,AMH,DLC,G,7,OV,95,0,0,N,,,3,2,,,,55,,,,,,,,,,,,,,,,,ON,,ON,,,,,,,,,,,,,,DEPARTED STATION 90/60; ARRAY DEPLOYED
P,CalCOFI0810NH,10/19/2008,12:15,10/19/2008 12:15,8:00:00,10/19/2008 20:15,,,32.46000,-119.86417,AMH,DLC,G,7,OV,95,0,0,N,,,3,2,,,,55,,,,,,,,,,,,,,,,,ON,,ON,,,,,,,,,,,,,,
PINN,CalCOFI0810NH,10/19/2008,12:18,10/19/2008 12:18,8:00:00,10/19/2008 20:18,,,32.46417,-119.85567,AMH,DLC,,,,,,,,,,,,P1,DLC,5,,78,11,,,,,,,2,2,2,0,CU,,,,ON,,ON,,3,,,,,,,,,,,,ONE HAD HEAD OUT OF WATER; ONE WAS VERTICAL WITH FLIPPERS OUT OF WATER
W,CalCOFI0810NH,10/19/2008,12:18,10/19/2008 12:18,8:00:00,10/19/2008 20:18,,,32.46417,-119.85567,AMH,DLC,G,7,OV,80,0,0,N,,,4,2,,,,55,,,,,,,,,,,,,,,,,ON,,ON,,,,,,,,,,,,,,
SH,CalCOFI0810NH,10/19/2008,12:47,10/19/2008 12:47,8:00:00,10/19/2008 20:47,,,32.50533,-119.78167,AMH,DLC,,,,,,,,,,,,SH2,AMH,,,340,0.1,,,,,,,,,,,,,,,ON,,ON,,,,,,,,,,,,,,SHIP ON HORIZON
P,CalCOFI0810NH,10/19/2008,13:16,10/19/2008 13:16,8:00:00,10/19/2008 21:16,,,32.54650,-119.70067,AMH,DLC,G,7,OV,80,0,0,N,,,4,2,,,,55,,,,,,,,,,,,,,,,,ON,,ON,,,,,,,,,,,,,,
P,CalCOFI0810NH,10/19/2008,13:58,10/19/2008 13:58,8:00:00,10/19/2008 21:58,,,32.60250,-119.57833,AMH,DLC,G,7,OV,80,0,0,N,,,4,2,,,,55,,,,,,,,,,,,,,,,,ON,,ON,,,,,,,,,,,,,,
ET,CalCOFI0810NH,10/19/2008,14:11,10/19/2008 14:11,8:00:00,10/19/2008 22:11,,,32.61883,-119.54317,AMH,DLC,G,7,OV,80,0,0,N,,,4,2,,,,55,,,,,,,,,,,,,,,,,OFF,,ON,,,,,,,,,,,,,,ARRIVING STATION 90/53; PULLING IN ARRAY
ST,CalCOFI0810NH,10/19/2008,17:07,10/19/2008 17:07,8:00:00,10/20/2008 1:07,,,32.65100,-119.51383,AMH,DLC,G,7,OV,80,0,0,N,,,4,2,,,,42,,,,,,,,,,,,,,,,,ON,,OFF,,,,,,,,,,,,,,LEAVING STATION 90/53; ARRAY IS DEPLOYED; WE ARE LEAVING TRANSECT TO DETOUR NAVY OPERATIONS; OFF EFFORT; ROTATING THROUGH DINNER
E,CalCOFI0810NH,10/19/2008,17:28,10/19/2008 17:28,8:00:00,10/20/2008 1:28,,,32.68817,-119.47150,AMH,DLC,G,7,OV,80,0,0,N,,,4,2,,,,42,,,,,,,,,,,,,,,,,OFF,,OFF,,,,,,,,,,,,,,SUNSET; END OF DAY
ET,CalCOFI0810NH,10/19/2008,17:28,10/19/2008 17:28,8:00:00,10/20/2008 1:28,,,32.68817,-119.47150,AMH,DLC,G,7,OV,80,0,0,N,,,4,2,,,,42,,,,,,,,,,,,,,,,,OFF,,OFF,,,,,,,,,,,,,,SUNSET; END OF DAY
B,CalCOFI0810NH,10/20/2008,6:10,10/20/2008 6:10,8:00:00,10/20/2008 14:10,,,33.28567,-118.18483,DLC,AMH,G,6,OV,80,0,0,N,,,1,1,,,,60,,,,,,,,,,,,,,,,,ON,,ON,,,,,,,,,,,,,,STARTING MID TRANSIT FROM STATION 90/35; ARRAY DEPLOYED
SB,CalCOFI0810NH,10/20/2008,6:10,10/20/2008 6:10,8:00:00,10/20/2008 14:10,,,33.28567,-118.18483,DLC,AMH,,,,,,,,,,,,16,KM,6,,219,1.7,,,,,,,18,12,23,ND,UD,,,,OFF,,ON,,1,,,,,,,,,,,,DETECTED BY ACOUSTIC ARRAY
SE,CalCOFI0810NH,10/20/2008,6:10,10/20/2008 6:10,8:00:00,10/20/2008 14:10,,,33.28567,-118.18483,DLC,AMH,,,,,,,,,,,,16,KM,,,,,,,,,,,18,12,23,ND,UD,,,,OFF,,ON,,1,,,,,,,,,,,,
ST,CalCOFI0810NH,10/20/2008,6:10,10/20/2008 6:10,8:00:00,10/20/2008 14:10,,,33.28567,-118.18483,DLC,AMH,G,6,OV,80,0,0,N,,,1,1,,,,60,,,,,,,,,,,,,,,,,ON,,ON,,,,,,,,,,,,,,STARTING MID TRANSIT FROM STATION 90/35; ARRAY DEPLOYED
SH,CalCOFI0810NH,10/20/2008,6:38,10/20/2008 6:38,8:00:00,10/20/2008 14:38,,,33.32300,-118.10500,DLC,AMH,,,,,,,,,,,,SH3,DLC,,,3,0.3,,,,,,,,,,,,,,,ON,,ON,,,,,,,,,,,,,,SMALL FISHING BOAT
W,CalCOFI0810NH,10/20/2008,6:40,10/20/2008 6:40,8:00:00,10/20/2008 14:40,,,33.32500,-118.10117,DLC,AMH,G,6,OV,80,94,113,SE,,,1,1,,,,60,,,,,,,,,,,,,,,,,ON,,ON,,,,,,,,,,,,,,
SH,CalCOFI0810NH,10/20/2008,6:43,10/20/2008 6:43,8:00:00,10/20/2008 14:43,,,33.32983,-118.09100,DLC,AMH,,,,,,,,,,,,SH3,DLC,,,310,0.6,,,,,,,,,,,,,,,OFF,,ON,,,,,,,,,,,,,,SMALL FISHING BOAT POSITION UPDATE
OO,CalCOFI0810NH,10/20/2008,7:14,10/20/2008 7:14,8:00:00,10/20/2008 15:14,,,33.37300,-117.99950,DLC,AMH,G,6,OV,80,94,113,SE,,,1,1,,,,60,,,,,,,,,,,,,,,,,OFF,,ON,,,,,,,,,,,,,,ROTATING THROUGH BREAKFAST
PINN,CalCOFI0810NH,10/20/2008,7:19,10/20/2008 7:19,8:00:00,10/20/2008 15:19,,,33.37983,-117.98467,DLC,AMH,,,,,,,,,,,,P2,DLC,5,,27,5.8,,,,,,,1,1,1,0,ZACA,,,,ON,,ON,,2,,,,,,,,,,,,PORPOISING
ET,CalCOFI0810NH,10/20/2008,7:23,10/20/2008 7:23,8:00:00,10/20/2008 15:23,,,33.38533,-117.97217,DLC,AMH,G,6,OV,80,94,113,SE,,,1,1,,,,60,,,,,,,,,,,,,,,,,OFF,,ON,,,,,,,,,,,,,,ARRIVING STATION 90/30; RETRIEVING ARRAY
SB,CalCOFI0810NH,10/20/2008,9:43,10/20/2008 9:43,8:00:00,10/20/2008 17:43,,,33.41633,-117.90400,DLC,AMH,,,,,,,,,,,,17,KM,4,,43,,400,,400m,700m,23,65,115,80,140,1,TT,,,,OFF,,ON,,1,,,,,,,,,,,,SIGHTED WHILE ON STATION
SE,CalCOFI0810NH,10/20/2008,9:52,10/20/2008 9:52,8:00:00,10/20/2008 17:52,,,33.41600,-117.90400,DLC,AMH,,,,,,,,,,,,17,KM,4,,334,,,,,,,,115,80,140,1,TT,,,,OFF,,ON,,,,,,,,,,,,,,"MOVING AWAY, NORTH ALONG COASTLINE"
ST,CalCOFI0810NH,10/20/2008,10:05,10/20/2008 10:05,8:00:00,10/20/2008 18:05,,,33.41633,-117.90067,DLC,AMH,G,6,OV,97,117,150,SL,,,1,1,,,,61,,,,,,,,,,,,,,,,,ON,,ON,,,,,,,,,,,,,,DEPARTING STATION 90/30; NO ARRAY DEPLOYED. TOO SHALLOW
P,CalCOFI0810NH,10/20/2008,10:34,10/20/2008 10:34,8:00:00,10/20/2008 18:34,,,33.46017,-117.81867,DLC,AMH,G,6,OV,97,117,150,SL,,,1,1,,,,61,,,,,,,,,,,,,,,,,ON,,ON,,,,,,,,,,,,,,
SB,CalCOFI0810NH,10/20/2008,10:46,10/20/2008 10:46,8:00:00,10/20/2008 18:46,,,33.47667,-117.78550,DLC,AMH,,,,,,,,,,,,18,AMH,1,,109,1,,,1.1,1.0,106,113,82,69,97,ND,DSP,,,,ON,,ON,,2,,,,,,,,,,,,
SE,CalCOFI0810NH,10/20/2008,10:49,10/20/2008 10:49,8:00:00,10/20/2008 18:49,,,33.48067,-117.77750,DLC,AMH,,,,,,,,,,,,18,AMH,1,,197,1.7,,,,,,,82,69,97,ND,DSP,,,,ON,,ON,,2,,,,,,,,,,,,
ET,CalCOFI0810NH,10/20/2008,10:52,10/20/2008 10:52,8:00:00,10/20/2008 18:52,,,33.48450,-117.76933,DLC,AMH,G,6,OV,97,117,150,SL,,,1,1,,,,61,,,,,,,,,,,,,,,,,OFF,,ON,,,,,,,,,,,,,,ARRIVING STATION 90/28
ST,CalCOFI0810NH,10/20/2008,13:04,10/20/2008 13:04,8:00:00,10/20/2008 21:04,,,33.48867,-117.75700,DLC,AMH,G,6,OV,97,117,150,SL,,,1,1,,,,250,,,,,,,,,,,,,,,,,ON,,ON,,,,,,,,,,,,,,DEPARTING STATION 90/28; NO ARRAY DEPLOYED; TOO SHALLOW
W,CalCOFI0810NH,10/20/2008,13:12,10/20/2008 13:12,8:00:00,10/20/2008 21:12,,,33.49150,-117.77900,DLC,AMH,E,7,HA,0,200,246,M,,,2,3,,,,250,,,,,,,,,,,,,,,,,ON,,ON,,,,,,,,,,,,,,
SB,CalCOFI0810NH,10/20/2008,13:34,10/20/2008 13:34,8:00:00,10/20/2008 21:34,,,33.51733,-117.84250,DLC,AMH,,,,,,,,,,,,19,AMH,5,,16,,1000,,,,,,24,17,31,ND,UD,,,,ON,,ON,,1,,,,,,,,,,,,POSSIBLY TT
SE,CalCOFI0810NH,10/20/2008,13:37,10/20/2008 13:37,8:00:00,10/20/2008 21:37,,,33.52067,-117.85100,DLC,AMH,,,,,,,,,,,,19,AMH,5,,62,,1200,,,,,,24,17,31,ND,UD,,,,ON,,ON,,1,,,,,,,,,,,,
P,CalCOFI0810NH,10/20/2008,14:06,10/20/2008 14:06,8:00:00,10/20/2008 22:06,,,33.55683,-117.93683,DLC,AMH,E,7,HA,0,200,246,M,,,2,3,,,,250,,,,,,,,,,,,,,,,,ON,,ON,,,,,,,,,,,,,,
PINN,CalCOFI0810NH,10/20/2008,14:41,10/20/2008 14:41,8:00:00,10/20/2008 22:41,,,33.60250,-118.03900,DLC,AMH,,,,,,,,,,,,P3,AMH,5,,343,,250,,,,,,2,2,2,0,ZACA,,,,ON,,ON,,9,,,,,,,,,,,,
C,CalCOFI0810NH,10/20/2008,14:52,10/20/2008 14:52,8:00:00,10/20/2008 22:52,,,33.61767,-118.06983,DLC,AMH,E,7,HA,0,200,246,M,,,3,1,,,,349,,,,,,,,,,,,,,,,,ON,,ON,,,,,,,,,,,,,,COURSE CHANGE
W,CalCOFI0810NH,10/20/2008,14:52,10/20/2008 14:52,8:00:00,10/20/2008 22:52,,,33.61767,-118.06983,DLC,AMH,E,7,HA,0,200,246,M,,,3,1,,,,250,,,,,,,,,,,,,,,,,ON,,ON,,,,,,,,,,,,,,
ET,CalCOFI0810NH,10/20/2008,15:13,10/20/2008 15:13,8:00:00,10/20/2008 23:13,,,33.67383,-118.08300,DLC,AMH,E,7,HA,0,200,246,M,,,3,1,,,,349,,,,,,,,,,,,,,,,,OFF,,ON,,,,,,,,,,,,,,ARRIVING STATION 88.5/30.1
ST,CalCOFI0810NH,10/20/2008,15:52,10/20/2008 15:52,8:00:00,10/20/2008 23:52,,,33.66750,-118.09800,DLC,AMH,E,7,HA,0,220,251,SE,,,3,1,,,,283,,,,,,,,,,,,,,,,,ON,,ON,,,,,,,,,,,,,,LEAVING STATION; NO ARRAY; TOO SHALLOW
C,CalCOFI0810NH,10/20/2008,16:33,10/20/2008 16:33,8:00:00,10/21/2008 0:33,,,33.64467,-118.21700,DLC,AMH,E,7,HA,0,220,251,SE,,,3,1,,,,268,,,,,,,,,,,,,,,,,ON,,ON,,,,,,,,,,,,,,COURSE CHANGE
W,CalCOFI0810NH,10/20/2008,16:43,10/20/2008 16:43,8:00:00,10/21/2008 0:43,,,33.64450,-118.24883,DLC,AMH,E,7,HA,0,244,259,SE,,,3,1,,,,268,,,,,,,,,,,,,,,,,ON,,ON,,,,,,,,,,,,,,
SB,CalCOFI0810NH,10/20/2008,16:51,10/20/2008 16:51,8:00:00,10/21/2008 0:51,,,33.65267,-118.27400,DLC,AMH,,,,,,,,,,,,20,AMH,1,,330,,700,,,,,,24,18,32,ND,UD,,,,ON,,ON,,9,,,,,,,,,,,,
SE,CalCOFI0810NH,10/20/2008,16:51,10/20/2008 16:51,8:00:00,10/21/2008 0:51,,,33.65267,-118.27400,DLC,AMH,,,,,,,,,,,,20,AMH,,,,,,,,,,,24,18,32,ND,UD,,,,ON,,ON,,9,,,,,,,,,,,,
OO,CalCOFI0810NH,10/20/2008,16:59,10/20/2008 16:59,8:00:00,10/21/2008 0:59,,,33.66033,-118.29650,DLC,AMH,E,7,HA,0,244,259,SE,,,3,1,,,,268,,,,,,,,,,,,,,,,,OFF,,ON,,,,,,,,,,,,,,ROTATING THROUGH DINNER
E,CalCOFI0810NH,10/20/2008,17:16,10/20/2008 17:16,8:00:00,10/21/2008 1:16,,,33.68100,-118.34717,DLC,AMH,E,7,HA,0,244,259,SE,,,3,1,,,,268,,,,,,,,,,,,,,,,,OFF,,ON,,,,,,,,,,,,,,END OF DAY
ET,CalCOFI0810NH,10/20/2008,17:16,10/20/2008 17:16,8:00:00,10/21/2008 1:16,,,33.68100,-118.34717,DLC,AMH,E,7,HA,0,244,259,SE,,,3,1,,,,268,,,,,,,,,,,,,,,,,OFF,,ON,,,,,,,,,,,,,,SUNSET
B,CalCOFI0810NH,10/21/2008,6:16,10/21/2008 6:16,8:00:00,10/21/2008 14:16,,,33.61017,-119.09033,AMH,DLC,E,7,HA,0,0,0,N,,,1,2,,,,240,,,,,,,,,,,,,,,,,ON,,ON,,,,,,,,,,,,,,STARTING MID TRANSIT; HEADING TO STATION 87/45; ARRAY DEPLOYED
ST,CalCOFI0810NH,10/21/2008,6:16,10/21/2008 6:16,8:00:00,10/21/2008 14:16,,,33.61017,-119.09033,AMH,DLC,E,7,HA,0,0,0,N,,,1,2,,,,240,,,,,,,,,,,,,,,,,ON,,ON,,,,,,,,,,,,,,STARTING MID TRANSIT; HEADING TO STATION 87/45; ARRAY DEPLOYED
PINN,CalCOFI0810NH,10/21/2008,6:27,10/21/2008 6:27,8:00:00,10/21/2008 14:27,,,33.59450,-119.12050,AMH,DLC,,,,,,,,,,,,P4,AMH,5,,251,,75,,,,,,1,1,1,0,ZACA,,,,ON,,ON,,1,,,,,,,,,,,,
PINN,CalCOFI0810NH,10/21/2008,6:34,10/21/2008 6:34,8:00:00,10/21/2008 14:34,,,33.58617,-119.13767,AMH,DLC,,,,,,,,,,,,P5,AMH,5,,159,,350,,,,,,1,1,1,0,ZACA,,,,ON,,ON,,1,,,,,,,,,,,,
PINN,CalCOFI0810NH,10/21/2008,6:34,10/21/2008 6:34,8:00:00,10/21/2008 14:34,,,33.58617,-119.13767,AMH,DLC,,,,,,,,,,,,P6,DLC,5,,252,3.2,,,,,,,1,1,1,0,ZACA,,,,ON,,ON,,9,,,,,,,,,,,,LEAPING
PINN,CalCOFI0810NH,10/21/2008,6:42,10/21/2008 6:42,8:00:00,10/21/2008 14:42,,,33.57433,-119.16300,AMH,DLC,,,,,,,,,,,,P7,DLC,1,,5,0.6,,,,,,,2,2,2,0,ZACA,,,,OFF,,ON,,9,,,,,,,,,,,,LARGE FEEDING FLOCK; SPLASHES; POSSIBLE DOLPHINS? FEEDING? KM HEARD FAINT WHISTLES
SB,CalCOFI0810NH,10/21/2008,6:48,10/21/2008 6:48,8:00:00,10/21/2008 14:48,,,33.56700,-119.17833,AMH,DLC,,,,,,,,,,,,21,AMH,1,,259,,,,,,,,5,4,7,0,DD,,,,ON,,ON,,9,,,,,,,,,,,,3 APPROACHED SHIP
PINN,CalCOFI0810NH,10/21/2008,6:51,10/21/2008 6:51,8:00:00,10/21/2008 14:51,,,33.56267,-119.18783,AMH,DLC,,,,,,,,,,,,P8,DLC,5,,246,,300,,,,207,263,2,2,3,0,ZACA,,,,ON,,ON,,9,,,,,,,,,,,,ASSOCIATED WITH SIGHTING #21
SE,CalCOFI0810NH,10/21/2008,6:51,10/21/2008 6:51,8:00:00,10/21/2008 14:51,,,33.56267,-119.18783,AMH,DLC,,,,,,,,,,,,21,AMH,5,,246,,100,,,,,,23,19,31,0,DD,,,,ON,,ON,,9,,,,,,,,,,,,"GULLS, BROWN PELICANS; AND PINNIPEDS ASSOCIATED"
SB,CalCOFI0810NH,10/21/2008,7:03,10/21/2008 7:03,8:00:00,10/21/2008 15:03,,,33.54650,-119.21983,AMH,DLC,,,,,,,,,,,,22,DLC,1,,184,2.8,,,,,,,2,2,2,0,BBO/BE,,,,ON,,ON,,1,,,,,,,,,,,,SHALLOW SURFACINGS
SP,CalCOFI0810NH,10/21/2008,7:05,10/21/2008 7:05,8:00:00,10/21/2008 15:05,,,33.54417,-119.22450,AMH,DLC,,,,,,,,,,,,22,DLC,2,,120,2.5,,,,,,,2,2,2,0,BBO/BE,,,,ON,,ON,,1,,,,,,,,,,,,"TWO SIMULTANEOUS BLOWS, TWO BODIES SEEN SURFACING"
SE,CalCOFI0810NH,10/21/2008,7:07,10/21/2008 7:07,8:00:00,10/21/2008 15:07,,,33.54183,-119.22883,AMH,DLC,,,,,,,,,,,,22,DLC,2,,91,2,,,,,,,2,2,2,0,BBO/BE,,,,ON,,ON,,1,,,,,,,,,,,,
ET,CalCOFI0810NH,10/21/2008,7:15,10/21/2008 7:15,8:00:00,10/21/2008 15:15,,,33.53050,-119.25050,AMH,DLC,E,7,HA,0,0,0,N,,,1,2,,,,240,,,,,,,,,,,,,,,,,OFF,,ON,,,,,,,,,,,,,,ARRIVING STATION 87/45
SB,CalCOFI0810NH,10/21/2008,8:33,10/21/2008 8:33,8:00:00,10/21/2008 16:33,,,33.49133,-119.31133,AMH,DLC,,,,,,,,,,,,23,AMH,5,,180,2.8,,,,,,,2,2,2,1,BP,,,,OFF,,ON,,1,,,,AMH,DIGITAL,1,14,,,,,
SE,CalCOFI0810NH,10/21/2008,8:33,10/21/2008 8:33,8:00:00,10/21/2008 16:33,,,33.49133,-119.31133,AMH,DLC,,,,,,,,,,,,23,AMH,,,,,,,,,,,2,2,2,1,BP,,,,OFF,,ON,,1,,,,,,,,,,,,
ST,CalCOFI0810NH,10/21/2008,10:09,10/21/2008 10:09,8:00:00,10/21/2008 18:09,,,33.49283,-119.32200,AMH,DLC,E,8,CL,10,145,179,SL,,,0,4,,,,235,,,,,,,,,,,,,,,,,ON,,ON,,,,,,,,,,,,,,DEPARTING STATION 87/45; ARRAY DEPLOYED
SB,CalCOFI0810NH,10/21/2008,10:20,10/21/2008 10:20,8:00:00,10/21/2008 18:20,,,33.47717,-119.35133,AMH,DLC,,,,,,,,,,,,24,AMH,2,,176,0.6,,,,,,,2,2,2,0,UNID_CETAC,,,,ON,,ON,,1,,,,,,,,,,,,BP? DIDN'T GET GOOD LOOK AT FIN
SE,CalCOFI0810NH,10/21/2008,10:20,10/21/2008 10:20,8:00:00,10/21/2008 18:20,,,33.47717,-119.35133,AMH,DLC,,,,,,,,,,,,24,AMH,,,,,,,,,,,2,2,2,0,UNID_CETAC,,,,ON,,ON,,1,,,,,,,,,,,,
C,CalCOFI0810NH,10/21/2008,10:25,10/21/2008 10:25,8:00:00,10/21/2008 18:25,,,33.48050,-119.36650,AMH,DLC,E,8,CL,10,145,179,SL,,,0,4,,,,289,,,,,,,,,,,,,,,,,ON,,ON,,,,,,,,,,,,,,COURSE CHANGE DUE TO CARGO SHIP
SH,CalCOFI0810NH,10/21/2008,10:25,10/21/2008 10:25,8:00:00,10/21/2008 18:25,,,33.48050,-119.36650,AMH,DLC,,,,,,,,,,,,SH4,DLC,,,279,0.3,,,,,,,,,,,,,,,ON,,ON,,,,,,,,,,,,,,CARGO SHIP
SB,CalCOFI0810NH,10/21/2008,10:30,10/21/2008 10:30,8:00:00,10/21/2008 18:30,,,33.48500,-119.38150,AMH,DLC,,,,,,,,,,,,25,AMH,5,,250,4.9,,,,,,,1,1,1,0,BA,,,,ON,,ON,,1,,,,,,,,,,,,
SE,CalCOFI0810NH,10/21/2008,10:30,10/21/2008 10:30,8:00:00,10/21/2008 18:30,,,33.48500,-119.38150,AMH,DLC,,,,,,,,,,,,25,AMH,,,,,,,,,,,1,1,1,0,BA,,,,ON,,ON,,1,,,,,,,,,,,,
SH,CalCOFI0810NH,10/21/2008,10:33,10/21/2008 10:33,8:00:00,10/21/2008 18:33,,,33.48750,-119.38967,AMH,DLC,,,,,,,,,,,,SH4,DLC,,,187,0.7,,,,,,,,,,,,,,,ON,,ON,,,,,,,,,,,,,,CARGO SHIP UPDATE
SB,CalCOFI0810NH,10/21/2008,10:58,10/21/2008 10:58,8:00:00,10/21/2008 18:58,,,33.44467,-119.45150,AMH,DLC,,,,,,,,,,,,26,UNK,2,,338,,500,,,,,,3,3,3,ND,UNID_CETAC,,,,OFF,,ON,,0,,,,,,,,,,,,OBSERVED BY SCIENTIST
SE,CalCOFI0810NH,10/21/2008,10:58,10/21/2008 10:58,8:00:00,10/21/2008 18:58,,,33.44467,-119.45150,AMH,DLC,,,,,,,,,,,,26,UNK,,,,,,,,,,,3,3,3,ND,UNID_CETAC,,,,OFF,,ON,,0,,,,,,,,,,,,
W,CalCOFI0810NH,10/21/2008,10:58,10/21/2008 10:58,8:00:00,10/21/2008 18:58,,,33.44467,-119.45150,AMH,DLC,E,8,CL,10,138,192,M,,,1,4,,,,228,,,,,,,,,,,,,,,,,ON,,ON,,,,,,,,,,,,,,
SB,CalCOFI0810NH,10/21/2008,11:10,10/21/2008 11:10,8:00:00,10/21/2008 19:10,,,33.42450,-119.48033,AMH,DLC,,,,,,,,,,,,27,DLC,1,,204,2.8,,,,,204,241,11,10,13,ND,LO,,,,ON,,ON,,9,4,,,,,,,,,,,"BIRDS, SEA LIONS ASSOCIATED"
SE,CalCOFI0810NH,10/21/2008,11:12,10/21/2008 11:12,8:00:00,10/21/2008 19:12,,,33.42183,-119.48417,AMH,DLC,,,,,,,,,,,,27,DLC,1,,84,3.8,,,,,,,11,10,13,ND,LO,,,,ON,,ON,,9,4,,,,,,,,,,,
OO,CalCOFI0810NH,10/21/2008,11:16,10/21/2008 11:16,8:00:00,10/21/2008 19:16,,,33.41533,-119.49367,AMH,DLC,E,8,CL,10,138,192,M,,,1,4,,,,228,,,,,,,,,,,,,,,,,OFF,,ON,,,,,,,,,,,,,,OBSERVERS ROTATING THROUGH LUNCH
OB,CalCOFI0810NH,10/21/2008,11:45,10/21/2008 11:45,8:00:00,10/21/2008 19:45,,,33.37033,-119.56750,AMH,DLC,E,8,CL,10,138,192,M,,,1,4,,,,228,,,,,,,,,,,,,,,,,ON,,ON,,,,,,,,,,,,,,BOTH OBSERVERS ON WATCH
W,CalCOFI0810NH,10/21/2008,11:45,10/21/2008 11:45,8:00:00,10/21/2008 19:45,,,33.37033,-119.56750,AMH,DLC,E,8,CL,10,138,192,M,,,2,4,,,,228,,,,,,,,,,,,,,,,,ON,,ON,,,,,,,,,,,,,,
ET,CalCOFI0810NH,10/21/2008,11:53,10/21/2008 11:53,8:00:00,10/21/2008 19:53,,,33.35917,-119.58983,AMH,DLC,E,8,CL,10,138,192,M,,,2,4,,,,228,,,,,,,,,,,,,,,,,OFF,,ON,,,,,,,,,,,,,,"ARRIVING STATION 87/50, PULLING IN ARRAY"
ST,CalCOFI0810NH,10/21/2008,14:04,10/21/2008 14:04,8:00:00,10/21/2008 22:04,,,33.32883,-119.68350,AMH,DLC,E,8,CL,10,182,274,SE,,,3,4,,,,235,,,,,,,,,,,,,,,,,ON,,ON,,,,,,,,,,,,,,LEAVING STATION 87/50; ARRAY DEPLOYED
SB,CalCOFI0810NH,10/21/2008,14:30,10/21/2008 14:30,8:00:00,10/21/2008 22:30,,,33.29083,-119.74917,AMH,DLC,,,,,,,,,,,,28,AMH,2,,249,0.8,,,,,,,1,1,1,0,BP,,,,ON,,ON,,1,,,,,,,,,,,,
SB,CalCOFI0810NH,10/21/2008,14:41,10/21/2008 14:41,8:00:00,10/21/2008 22:41,,,33.27450,-119.77550,AMH,DLC,,,,,,,,,,,,29,AMH,2,,168,2.6,,,,,,,1,1,1,0,BP,,,,ON,,ON,,3,,,,,,,,,,,,
SE,CalCOFI0810NH,10/21/2008,14:41,10/21/2008 14:41,8:00:00,10/21/2008 22:41,,,33.27450,-119.77550,AMH,DLC,,,,,,,,,,,,28,AMH,2,,214,3.6,,,,,,,1,1,1,0,BP,,,,ON,,ON,,1,,,,,,,,,,,,
SE,CalCOFI0810NH,10/21/2008,14:42,10/21/2008 14:42,8:00:00,10/21/2008 22:42,,,33.27267,-119.77867,AMH,DLC,,,,,,,,,,,,29,AMH,2,,97,1.4,,,,,,,1,1,1,0,BP,,,,ON,,ON,,3,,,,,,,,,,,,
W,CalCOFI0810NH,10/21/2008,14:42,10/21/2008 14:42,8:00:00,10/21/2008 22:42,,,33.27267,-119.77867,AMH,DLC,E,8,CL,10,182,274,SE,,,3,5,,,,235,,,,,,,,,,,,,,,,,ON,,ON,,,,,,,,,,,,,,
P,CalCOFI0810NH,10/21/2008,15:04,10/21/2008 15:04,8:00:00,10/21/2008 23:04,,,33.24133,-119.83400,AMH,DLC,E,8,CL,10,182,274,SE,,,3,5,,,,235,,,,,,,,,,,,,,,,,ON,,ON,,,,,,,,,,,,,,
XT,CalCOFI0810NH,10/21/2008,15:27,10/21/2008 15:27,8:00:00,10/21/2008 23:27,,,33.20800,-119.89133,AMH,DLC,E,8,CL,10,182,274,SE,,,3,5,,,,235,,,,,,,,,,,,,,,,,OFF,,ON,,,,,,,,,,,,,,"SLOWED TO 3 KNOTS, FISHING"
RT,CalCOFI0810NH,10/21/2008,15:32,10/21/2008 15:32,8:00:00,10/21/2008 23:32,,,33.20550,-119.89650,AMH,DLC,E,8,CL,10,182,274,SE,,,3,5,,,,235,,,,,,,,,,,,,,,,,ON,,ON,,,,,,,,,,,,,,BACK UP TO SPEED
E,CalCOFI0810NH,10/21/2008,15:49,10/21/2008 15:49,8:00:00,10/21/2008 23:49,,,33.18150,-119.94367,AMH,DLC,E,8,CL,10,182,274,SE,,,3,5,,,,235,,,,,,,,,,,,,,,,,OFF,,ON,,,,,,,,,,,,,,END OF DAY
ET,CalCOFI0810NH,10/21/2008,15:49,10/21/2008 15:49,8:00:00,10/21/2008 23:49,,,33.18150,-119.94367,AMH,DLC,E,8,CL,10,182,274,SE,,,3,5,,,,235,,,,,,,,,,,,,,,,,OFF,,ON,,,,,,,,,,,,,,ARRIVING STATION 87/55; PULLING IN ARRAY
B,CalCOFI0810NH,10/22/2008,6:21,10/22/2008 6:21,8:00:00,10/22/2008 14:21,,,32.63867,-121.14267,DLC,AMH,G,7,CL,0,0,0,N,,,3,4,,,,237,,,,,,,,,,,,,,,,,ON,,ON,,,,,,,,,,,,,,MID TRANSIT TO STATION 87/80; ARRAY DEPLOYED
ST,CalCOFI0810NH,10/22/2008,6:21,10/22/2008 6:21,8:00:00,10/22/2008 14:21,,,32.63867,-121.14267,DLC,AMH,G,7,CL,0,0,0,N,,,3,4,,,,237,,,,,,,,,,,,,,,,,ON,,ON,,,,,,,,,,,,,,MID TRANSIT TO STATION 87/80; ARRAY DEPLOYED
OO,CalCOFI0810NH,10/22/2008,7:14,10/22/2008 7:14,8:00:00,10/22/2008 15:14,,,32.56217,-121.28067,DLC,AMH,G,7,CL,0,0,0,N,,,3,4,,,,237,,,,,,,,,,,,,,,,,OFF,,ON,,,,,,,,,,,,,,ROTATING THROUGH BREAKFAST
OB,CalCOFI0810NH,10/22/2008,8:03,10/22/2008 8:03,8:00:00,10/22/2008 16:03,,,32.49017,-121.41133,DLC,AMH,G,7,CL,0,0,0,N,,,3,4,,,,237,,,,,,,,,,,,,,,,,ON,,ON,,,,,,,,,,,,,,BOTH OBSERVATIONS ON WATCH
SB,CalCOFI0810NH,10/22/2008,8:47,10/22/2008 8:47,8:00:00,10/22/2008 16:47,,,32.42367,-121.52483,DLC,AMH,,,,,,,,,,,,30a,DLC,1,,221,4.8,,,,,,,13,10,16,2,DD,,,,ON,,ON,,1,5,,,,,,,,,,,BRIEF BOWRIDING
SE,CalCOFI0810NH,10/22/2008,8:50,10/22/2008 8:50,8:00:00,10/22/2008 16:50,,,32.41967,-121.53183,DLC,AMH,,,,,,,,,,,,30a,DLC,5,,19,,50,,,,,,13,10,16,2,DD,,,,ON,,ON,,1,,,,,,,,,,,,MOVED TO STERN
P,CalCOFI0810NH,10/22/2008,9:30,10/22/2008 9:30,8:00:00,10/22/2008 17:30,,,32.36067,-121.63533,DLC,AMH,G,7,CL,0,0,0,N,,,3,4,,,,237,,,,,,,,,,,,,,,,,ON,,ON,,,,,,,,,,,,,,
ET,CalCOFI0810NH,10/22/2008,9:34,10/22/2008 9:34,8:00:00,10/22/2008 17:34,,,32.35467,-121.64767,DLC,AMH,G,7,CL,0,0,0,N,,,3,4,,,,237,,,,,,,,,,,,,,,,,OFF,,ON,,,,,,,,,,,,,,ARRIVING STATION 87/80; RETRIEVING ARRAY
SB,CalCOFI0810NH,10/22/2008,9:57,10/22/2008 9:57,8:00:00,10/22/2008 17:57,,,32.32233,-121.71183,DLC,AMH,,,,,,,,,,,,31a,DLC,5,,27,,200,,,,,,16,12,18,0,DD,,,,OFF,,ON,,2,5,,,,,,,,,,,APPROACHED BOAT WHILE ARRIVING ON STATION AND CIRCLED BOAT WHILE ON STATION ; SPOTTED ANIMALS WHILE DEPLOYING SONOBOUYS
SE,CalCOFI0810NH,10/22/2008,9:57,10/22/2008 9:57,8:00:00,10/22/2008 17:57,,,32.32233,-121.71183,DLC,AMH,,,,,,,,,,,,31a,DLC,,,,,,,,,,,16,12,18,0,DD,,,,OFF,,ON,,2,,,,,,,,,,,,
SB,CalCOFI0810NH,10/22/2008,10:39,10/22/2008 10:39,8:00:00,10/22/2008 18:39,,,32.32133,-121.72350,DLC,AMH,,,,,,,,,,,,32a,DLC,5,,298,,75,,,,,,6,5,7,ND,DD,,,,OFF,,ON,,9,,,,,,,,,,,,"CIRCLING AROUND BOW OF SHIP, INSPECTING CTD"
SE,CalCOFI0810NH,10/22/2008,10:39,10/22/2008 10:39,8:00:00,10/22/2008 18:39,,,32.32133,-121.72350,DLC,AMH,,,,,,,,,,,,32a,DLC,,,,,,,,,,,6,5,7,ND,DD,,,,OFF,,ON,,9,,,,,,,,,,,,
ST,CalCOFI0810NH,10/22/2008,12:10,10/22/2008 12:10,8:00:00,10/22/2008 20:10,,,32.32750,-121.75450,DLC,AMH,G,7,CL,0,0,0,N,,,3,4,,,,240,,,,,,,,,,,,,,,,,ON,,ON,,,,,,,,,,,,,,DEPARTED STATION 87/80; ARRAY DEPLOYED
SB,CalCOFI0810NH,10/22/2008,12:15,10/22/2008 12:15,8:00:00,10/22/2008 20:15,,,32.32033,-121.76783,DLC,AMH,,,,,,,,,,,,32a,DLC,5,,272,,50,,,,,,6,5,7,0,DD,,,,ON,,ON,,5,,,,,,,,,,,,SIGHTING #32 STUCK WITH SHIP WHILE ON STATION  AND START OF TRANSIT
SH,CalCOFI0810NH,10/22/2008,12:29,10/22/2008 12:29,8:00:00,10/22/2008 20:29,,,32.30383,-121.80650,DLC,AMH,,,,,,,,,,,,SH5,AMH,,,290,0.1,,,,,,,,,,,,,,,ON,,ON,,,,,,,,,,,,,,CARGO SHIP
SE,CalCOFI0810NH,10/22/2008,12:37,10/22/2008 12:37,8:00:00,10/22/2008 20:37,,,32.29533,-121.83117,DLC,AMH,,,,,,,,,,,,32a,DLC,,,,,,,,,,,6,5,7,0,DD,,,,ON,,ON,,,,,,,,,,,,,,ANIMALS MOVED OFF
SH,CalCOFI0810NH,10/22/2008,12:44,10/22/2008 12:44,8:00:00,10/22/2008 20:44,,,32.28933,-121.85133,DLC,AMH,,,,,,,,,,,,SH5,DLC,,,191,0.3,,,,,,,,,,,,,,,ON,,ON,,,,,,,,,,,,,,CARGO SHIP POSITION UPDATE
W,CalCOFI0810NH,10/22/2008,12:44,10/22/2008 12:44,8:00:00,10/22/2008 20:44,,,32.28933,-121.85133,DLC,AMH,G,7,CL,0,159,230,M,,,2,4,,,,240,,,,,,,,,,,,,,,,,ON,,ON,,,,,,,,,,,,,,
W,CalCOFI0810NH,10/22/2008,13:15,10/22/2008 13:15,8:00:00,10/22/2008 21:15,,,32.23933,-121.94167,DLC,AMH,G,7,CL,0,159,230,M,,,3,4,,,,240,,,,,,,,,,,,,,,,,ON,,ON,,,,,,,,,,,,,,
XT,CalCOFI0810NH,10/22/2008,13:21,10/22/2008 13:21,8:00:00,10/22/2008 21:21,,,32.22983,-121.95883,DLC,AMH,G,7,CL,0,159,230,M,,,3,4,,,,240,,,,,,,,,,,,,,,,,OFF,,ON,,,,,,,,,,,,,,CAPTAIN HOSING DOWN UPPER DECK
RT,CalCOFI0810NH,10/22/2008,13:27,10/22/2008 13:27,8:00:00,10/22/2008 21:27,,,32.22067,-121.97500,DLC,AMH,G,7,CL,0,159,230,M,,,3,4,,,,240,,,,,,,,,,,,,,,,,ON,,ON,,,,,,,,,,,,,,
P,CalCOFI0810NH,10/22/2008,14:30,10/22/2008 14:30,8:00:00,10/22/2008 22:30,,,32.12150,-122.14383,DLC,AMH,G,7,CL,0,159,230,M,,,2,4,,,,240,,,,,,,,,,,,,,,,,ON,,ON,,,,,,,,,,,,,,
W,CalCOFI0810NH,10/22/2008,14:30,10/22/2008 14:30,8:00:00,10/22/2008 22:30,,,32.12150,-122.14383,DLC,AMH,G,7,CL,0,159,230,M,,,2,4,,,,240,,,,,,,,,,,,,,,,,ON,,ON,,,,,,,,,,,,,,
W,CalCOFI0810NH,10/22/2008,14:56,10/22/2008 14:56,8:00:00,10/22/2008 22:56,,,32.08150,-122.21217,DLC,AMH,G,7,CL,0,197,254,SE,,,2,4,,,,238,,,,,,,,,,,,,,,,,ON,,ON,,,,,,,,,,,,,,
ET,CalCOFI0810NH,10/22/2008,15:37,10/22/2008 15:37,8:00:00,10/22/2008 23:37,,,32.02033,-122.32833,DLC,AMH,G,7,CL,0,197,254,SE,,,2,4,,,,238,,,,,,,,,,,,,,,,,OFF,,ON,,,,,,,,,,,,,,
E,CalCOFI0810NH,10/22/2008,15:54,10/22/2008 15:54,8:00:00,10/22/2008 23:54,,,31.99600,-122.37583,DLC,AMH,G,7,CL,0,197,254,SE,,,2,4,,,,238,,,,,,,,,,,,,,,,,OFF,,ON,,,,,,,,,,,,,,END OF DAY
SB,CalCOFI0810NH,10/22/2008,15:54,10/22/2008 15:54,8:00:00,10/22/2008 23:54,,,31.99600,-122.37583,DLC,AMH,,,,,,,,,,,,33a,AMH,1,,345,,450,,,,,,7,5,8,ND,DSP,,,,OFF,,ON,,2,,,,,,,,,,,,SPOTTED BY CHIEF SCIENTIST WHEN PULLING IN ARRAY
SE,CalCOFI0810NH,10/22/2008,15:54,10/22/2008 15:54,8:00:00,10/22/2008 23:54,,,31.99600,-122.37583,DLC,AMH,,,,,,,,,,,,33a,AMH,,,,,,,,,,,7,5,8,ND,DSP,,,,OFF,,ON,,2,,,,,,,,,,,,
B,CalCOFI0810NH,10/23/2008,6:39,10/23/2008 6:39,8:00:00,10/23/2008 14:39,,,31.41333,-123.81050,AMH,DLC,G,7,OV,100,0,0,N,,,1,4,,,,320,,,,,,,,,,,,,,,,,ON,,ON,,,,,,,,,,,,,,DEPARTING STATION 87/110. ARRAY DEPLOYED.
ST,CalCOFI0810NH,10/23/2008,6:39,10/23/2008 6:39,8:00:00,10/23/2008 14:39,,,31.41333,-123.81050,AMH,DLC,G,7,OV,100,0,0,N,,,1,4,,,,320,,,,,,,,,,,,,,,,,ON,,ON,,,,,,,,,,,,,,DEPARTING STATION 87/110. ARRAY DEPLOYED.
OO,CalCOFI0810NH,10/23/2008,7:15,10/23/2008 7:15,8:00:00,10/23/2008 15:15,,,31.49367,-123.86900,AMH,DLC,G,7,OV,100,0,0,N,,,1,4,,,,320,,,,,,,,,,,,,,,,,OFF,,ON,,,,,,,,,,,,,,ROTATING THROUGH BREAKFAST
OB,CalCOFI0810NH,10/23/2008,8:10,10/23/2008 8:10,8:00:00,10/23/2008 16:10,,,31.61950,-123.95617,AMH,DLC,G,7,OV,100,0,0,N,,,1,4,,,,320,,,,,,,,,,,,,,,,,ON,,ON,,,,,,,,,,,,,,BOTH OBSERVERS ON WATCH
P,CalCOFI0810NH,10/23/2008,8:45,10/23/2008 8:45,8:00:00,10/23/2008 16:45,,,31.69800,-124.01300,AMH,DLC,G,7,OV,100,0,0,N,,,1,4,,,,320,,,,,,,,,,,,,,,,,ON,,ON,,,,,,,,,,,,,,
P,CalCOFI0810NH,10/23/2008,9:18,10/23/2008 9:18,8:00:00,10/23/2008 17:18,,,31.77050,-124.06817,AMH,DLC,G,7,OV,100,0,0,N,,,1,4,,,,320,,,,,,,,,,,,,,,,,ON,,ON,,,,,,,,,,,,,,
W,CalCOFI0810NH,10/23/2008,9:42,10/23/2008 9:42,8:00:00,10/23/2008 17:42,,,31.82250,-124.10850,AMH,DLC,G,7,PC,50,0,0,N,,,1,4,,,,320,,,,,,,,,,,,,,,,,ON,,ON,,,,,,,,,,,,,,
ET,CalCOFI0810NH,10/23/2008,9:59,10/23/2008 9:59,8:00:00,10/23/2008 17:59,,,31.86350,-124.13383,AMH,DLC,G,7,PC,50,0,0,N,,,1,4,,,,320,,,,,,,,,,,,,,,,,OFF,,ON,,,,,,,,,,,,,,ARRIVING STATION 83/110. RETRIEVING ARRAY
ST,CalCOFI0810NH,10/23/2008,12:36,10/23/2008 12:36,8:00:00,10/23/2008 20:36,,,31.92683,-124.18583,AMH,DLC,G,7,CL,20,0,0,N,,,1,4,,,,62,,,,,,,,,,,,,,,,,ON,,ON,,,,,,,,,,,,,,DEPARTING STATION 83/110. ARRAY DEPLOYED.
SB,CalCOFI0810NH,10/23/2008,13:09,10/23/2008 13:09,8:00:00,10/23/2008 21:09,,,31.96883,-124.08867,AMH,DLC,,,,,,,,,,,,30b,AMH,5,,56,2.4,,,,,,,10,9,12,0,DD,,,,ON,,ON,,2,5,,,,,,,,,,,SIGHTING NUMBERS 30-33 REPEATED SO A AND B WERE ADDED TO DISTINGUISH. THE A AND B NUMBERS WERE USED ON THE ACOUSTICS DATASHEETS.
SP,CalCOFI0810NH,10/23/2008,13:12,10/23/2008 13:12,8:00:00,10/23/2008 21:12,,,31.97250,-124.08017,AMH,DLC,,,,,,,,,,,,30b,AMH,5,,259,4.2,,,,,,,10,9,12,0,DD,,,,ON,,ON,,2,,,,,,,,,,,,2 ANIMALS STILL WITH SHIP
SB,CalCOFI0810NH,10/23/2008,13:16,10/23/2008 13:16,8:00:00,10/23/2008 21:16,,,31.97783,-124.06750,AMH,DLC,,,,,,,,,,,,31b,DLC,5,,132,1.6,,,1.6,1.0,116,144,120,110,160,ND,DSP,,,,ON,,ON,,2,,,,,,,,,,,,
SE,CalCOFI0810NH,10/23/2008,13:16,10/23/2008 13:16,8:00:00,10/23/2008 21:16,,,31.97783,-124.06750,AMH,DLC,,,,,,,,,,,,30b,DLC,,,,,,,,,,,9,12,10,0,DD,,,,ON,,ON,,2,,,,,,,,,,,,
SE,CalCOFI0810NH,10/23/2008,13:21,10/23/2008 13:21,8:00:00,10/23/2008 21:21,,,31.98367,-124.05333,AMH,DLC,,,,,,,,,,,,31b,DLC,5,,221,0.9,,,,,,,120,110,160,ND,DSP,,,,ON,,ON,,2,,,,,,,,,,,,
P,CalCOFI0810NH,10/23/2008,13:42,10/23/2008 13:42,8:00:00,10/23/2008 21:42,,,32.00933,-123.99383,AMH,DLC,G,7,CL,20,0,0,N,,,1,4,,,,62,,,,,,,,,,,,,,,,,ON,,ON,,,,,,,,,,,,,,
SB,CalCOFI0810NH,10/23/2008,14:59,10/23/2008 14:59,8:00:00,10/23/2008 22:59,,,32.10600,-123.77783,AMH,DLC,,,,,,,,,,,,32b,DLC,1,,50,3.2,,,,,,,11,9,14,0,DD,,,,ON,,ON,,1,5,,,,,,,,,,,"ANIMALS APPROACHED, FEW STAYED TO BOWRIDE WHILE REST OF GROUP MOVED OFF"
SE,CalCOFI0810NH,10/23/2008,15:03,10/23/2008 15:03,8:00:00,10/23/2008 23:03,,,32.11117,-123.76700,AMH,DLC,,,,,,,,,,,,32b,DLC,,,,,,,,,,,11,9,14,0,DD,,,,ON,,ON,,,,,,,,,,,,,,ANIMALS MOVED OFF
P,CalCOFI0810NH,10/23/2008,15:07,10/23/2008 15:07,8:00:00,10/23/2008 23:07,,,32.11633,-123.75667,AMH,DLC,G,7,CL,20,0,0,N,,,1,4,,,,62,,,,,,,,,,,,,,,,,ON,,ON,,,,,,,,,,,,,,
SB,CalCOFI0810NH,10/23/2008,15:40,10/23/2008 15:40,8:00:00,10/23/2008 23:40,,,32.16233,-123.66633,AMH,DLC,,,,,,,,,,,,33b,AMH,5,,54,2.4,,,,,,,1,1,1,0,BP,,,,ON,,ON,,1,,,,,,,,,,,,
SE,CalCOFI0810NH,10/23/2008,15:40,10/23/2008 15:40,8:00:00,10/23/2008 23:40,,,32.16233,-123.66633,AMH,DLC,,,,,,,,,,,,33b,AMH,,,,,,,,,,,1,1,1,0,BP,,,,ON,,ON,,1,,,,,,,,,,,,
P,CalCOFI0810NH,10/23/2008,15:48,10/23/2008 15:48,8:00:00,10/23/2008 23:48,,,32.17283,-123.64400,AMH,DLC,G,7,CL,20,0,0,N,,,1,4,,,,62,,,,,,,,,,,,,,,,,ON,,ON,,,,,,,,,,,,,,
PINN,CalCOFI0810NH,10/23/2008,15:52,10/23/2008 15:52,8:00:00,10/23/2008 23:52,,,32.17767,-123.63383,AMH,DLC,,,,,,,,,,,,P9,AMH,5,,12,,200,,,,,,1,1,1,0,ZACA,,,,ON,,ON,,1,,,,,,,,,,,,
SB,CalCOFI0810NH,10/23/2008,15:57,10/23/2008 15:57,8:00:00,10/23/2008 23:57,,,32.18300,-123.62267,AMH,DLC,,,,,,,,,,,,34,DLC,1,,139,6.2,,,,,,,6,5,7,0,DD,,,,ON,,ON,,1,,,,,,,,,,,,
SE,CalCOFI0810NH,10/23/2008,15:59,10/23/2008 15:59,8:00:00,10/23/2008 23:59,,,32.18683,-123.61483,AMH,DLC,,,,,,,,,,,,34,DLC,1,,203,2.7,,,,,,,6,5,7,0,DD,,,,ON,,ON,,1,,,,,,,,,,,,
ET,CalCOFI0810NH,10/23/2008,16:11,10/23/2008 16:11,8:00:00,10/24/2008 0:11,,,32.20133,-123.58217,AMH,DLC,G,7,CL,20,0,0,N,,,1,4,,,,62,,,,,,,,,,,,,,,,,OFF,,ON,,,,,,,,,,,,,,ARRIVING STATION 83/100. PULLING IN ARRAY
E,CalCOFI0810NH,10/23/2008,16:43,10/23/2008 16:43,8:00:00,10/24/2008 0:43,,,32.24200,-123.49167,AMH,DLC,G,7,CL,20,0,0,N,,,1,4,,,,62,,,,,,,,,,,,,,,,,OFF,,ON,,,,,,,,,,,,,,END OF DAY
SB,CalCOFI0810NH,10/23/2008,16:43,10/23/2008 16:43,8:00:00,10/24/2008 0:43,,,32.24200,-123.49167,AMH,DLC,,,,,,,,,,,,35,AMH,5,,319,,150,,,,,,28,22,35,0,DD,,,,OFF,,ON,,2,,,,,,,,,,,,APPROACHED BOAT WHILE SLOWING ONTO STATION
SE,CalCOFI0810NH,10/23/2008,16:43,10/23/2008 16:43,8:00:00,10/24/2008 0:43,,,32.24200,-123.49167,AMH,DLC,,,,,,,,,,,,35,AMH,,,,,,,,,,,28,22,35,0,DD,,,,OFF,,ON,,2,,,,,,,,,,,,ARRIVING ON STATION. END OF SIGHTING
B,CalCOFI0810NH,10/24/2008,7:00,10/24/2008 7:00,8:00:00,10/24/2008 15:00,,,32.92283,-122.11483,DLC,AMH,G,7,CL,0,81,122,SE,,,3,1,,,,58,,,,,,,,,,,,,,,,,ON,,ON,,,,,,,,,,,,,,DEPARTED STATION 83/80. ARRAY DEPLOYED
ST,CalCOFI0810NH,10/24/2008,7:00,10/24/2008 7:00,8:00:00,10/24/2008 15:00,,,32.92283,-122.11483,DLC,AMH,G,7,CL,0,81,122,SE,,,3,1,,,,58,,,,,,,,,,,,,,,,,ON,,ON,,,,,,,,,,,,,,DEPARTED STATION 83/80. ARRAY DEPLOYED
P,CalCOFI0810NH,10/24/2008,8:10,10/24/2008 8:10,8:00:00,10/24/2008 16:10,,,33.01633,-121.91450,DLC,AMH,G,7,CL,0,81,122,SE,,,3,1,,,,58,,,,,,,,,,,,,,,,,ON,,ON,,,,,,,,,,,,,,
C,CalCOFI0810NH,10/24/2008,8:31,10/24/2008 8:31,8:00:00,10/24/2008 16:31,,,33.04417,-121.85500,DLC,AMH,G,7,CL,0,81,122,SE,,,3,1,,,,58,,,,,,,,,,,,,,,,,ON,,ON,,,,,,,,,,,,,,"BIG SPLASH SEEN AT 0.8 RETICLES, SHIP HEADING IS 60, SPLASH SEEN AT 81, SEEN TWICE. SHARK?"
W,CalCOFI0810NH,10/24/2008,9:08,10/24/2008 9:08,8:00:00,10/24/2008 17:08,,,33.09667,-121.74750,DLC,AMH,G,7,CL,0,78,154,SE,,,3,1,,,,59,,,,,,,,,,,,,,,,,ON,,ON,,,,,,,,,,,,,,
SB,CalCOFI0810NH,10/24/2008,9:14,10/24/2008 9:14,8:00:00,10/24/2008 17:14,,,33.10433,-121.73217,DLC,AMH,,,,,,,,,,,,36,AMH,2,,80,0.3,,,,,,,2,2,2,1,BP,,,,ON,,ON,,1,,,,,,,,,,,,TALL BLOWS
SP,CalCOFI0810NH,10/24/2008,9:19,10/24/2008 9:19,8:00:00,10/24/2008 17:19,,,33.11133,-121.71800,DLC,AMH,,,,,,,,,,,,36,AMH,2,,79,0.9,,,,,,,2,2,2,1,BP,,,,ON,,ON,,1,,,,,,,,,,,,MOVING OPPOSITE DIRECTION OF SHIP
SE,CalCOFI0810NH,10/24/2008,9:26,10/24/2008 9:26,8:00:00,10/24/2008 17:26,,,33.12050,-121.69917,DLC,AMH,,,,,,,,,,,,36,AMH,2,,104,1.4,,,,,,,2,2,2,1,BP,,,,ON,,ON,,1,,,,,,,,,,,,CHANGED DIRECTION OF TRAVEL. MOVING AWAY FROM SHIP.
P,CalCOFI0810NH,10/24/2008,10:05,10/24/2008 10:05,8:00:00,10/24/2008 18:05,,,33.17617,-121.58533,DLC,AMH,G,7,CL,0,78,154,SE,,,3,1,,,,59,,,,,,,,,,,,,,,,,ON,,ON,,,,,,,,,,,,,,
ET,CalCOFI0810NH,10/24/2008,10:31,10/24/2008 10:31,8:00:00,10/24/2008 18:31,,,33.21217,-121.50950,DLC,AMH,G,7,CL,0,78,154,SE,,,3,1,,,,59,,,,,,,,,,,,,,,,,OFF,,ON,,,,,,,,,,,,,,ARRIVING STATION 83/70. RETRIEVING ARRAY.
ST,CalCOFI0810NH,10/24/2008,13:17,10/24/2008 13:17,8:00:00,10/24/2008 21:17,,,33.25517,-121.46350,DLC,AMH,G,7,CL,0,78,154,SE,,,3,1,,,,58,,,,,,,,,,,,,,,,,ON,,ON,,,,,,,,,,,,,,DEPARTED STATION 83/70. ARRAY DEPLOYED.
SB,CalCOFI0810NH,10/24/2008,13:29,10/24/2008 13:29,8:00:00,10/24/2008 21:29,,,33.26917,-121.43283,DLC,AMH,,,,,,,,,,,,37,DLC,1,,67,3.1,,,,,,,23,18,30,0,DD,,,,ON,,ON,,2,5,,,,,,,,,,,
SE,CalCOFI0810NH,10/24/2008,13:34,10/24/2008 13:34,8:00:00,10/24/2008 21:34,,,33.27600,-121.41750,DLC,AMH,,,,,,,,,,,,37,DLC,5,,272,,60,,,,,,23,18,30,0,DD,,,,ON,,ON,,2,,,,,,,,,,,,LAST DOLPHIN MOVED OFF TO STERN
SB,CalCOFI0810NH,10/24/2008,14:03,10/24/2008 14:03,8:00:00,10/24/2008 22:03,,,33.31050,-121.33550,DLC,AMH,,,,,,,,,,,,38,AMH,1,,113,4.2,,,,,,,15,12,17,0,DD,,,,ON,,ON,,2,5,,,DLC,DIG-1,16,18,,,,,QUICKLY APPROACHED VESSEL AND MOST OF GROUP MOVED OFF
SE,CalCOFI0810NH,10/24/2008,14:07,10/24/2008 14:07,8:00:00,10/24/2008 22:07,,,33.31467,-121.32533,DLC,AMH,,,,,,,,,,,,38,AMH,,,,,,,,,,,15,12,17,0,DD,,,,ON,,ON,,,,,,,,,,,,,,LAST FEW ANIMALS MOVED OFF
P,CalCOFI0810NH,10/24/2008,15:05,10/24/2008 15:05,8:00:00,10/24/2008 23:05,,,33.38433,-121.16133,DLC,AMH,G,7,CL,0,78,154,SE,,,3,1,,,,58,,,,,,,,,,,,,,,,,ON,,ON,,,,,,,,,,,,,,
P,CalCOFI0810NH,10/24/2008,16:30,10/24/2008 16:30,8:00:00,10/25/2008 0:30,,,33.49317,-120.92850,DLC,AMH,G,7,CL,0,78,154,SE,,,3,1,,,,58,,,,,,,,,,,,,,,,,ON,,ON,,,,,,,,,,,,,,
SB,CalCOFI0810NH,10/24/2008,16:51,10/24/2008 16:51,8:00:00,10/25/2008 0:51,,,33.52133,-120.87133,DLC,AMH,,,,,,,,,,,,39,AMH,4,,125,5,,,,,,,6,5,9,ND,UD,,,,ON,,ON,,1,,,,,,,,,,,,LOW SURFACINGS. NO BODY ONLY DORSAL FIN SEEN.
SE,CalCOFI0810NH,10/24/2008,16:51,10/24/2008 16:51,8:00:00,10/25/2008 0:51,,,33.52133,-120.87133,DLC,AMH,,,,,,,,,,,,39,AMH,,,,,,,,,,,6,5,9,ND,UD,,,,ON,,ON,,1,,,,,,,,,,,,
OO,CalCOFI0810NH,10/24/2008,16:58,10/24/2008 16:58,8:00:00,10/25/2008 0:58,,,33.52983,-120.85333,AMH,AMH,G,7,CL,0,78,154,SE,,,3,1,,,,58,,,,,,,,,,,,,,,,,OFF,,ON,,,,,,,,,,,,,,DLC DOWN FOR DINNER
E,CalCOFI0810NH,10/24/2008,17:08,10/24/2008 17:08,8:00:00,10/25/2008 1:08,,,33.54283,-120.82783,AMH,AMH,G,7,CL,0,78,154,SE,,,3,1,,,,58,,,,,,,,,,,,,,,,,OFF,,ON,,,,,,,,,,,,,,ARRIVING STATION 83/60. PULLING IN ARRAY. END OF DAY
ET,CalCOFI0810NH,10/24/2008,17:08,10/24/2008 17:08,8:00:00,10/25/2008 1:08,,,33.54283,-120.82783,AMH,AMH,G,7,CL,0,78,154,SE,,,3,1,,,,58,,,,,,,,,,,,,,,,,OFF,,ON,,,,,,,,,,,,,,ARRIVING STATION 83/60. PULLING IN ARRAY. END OF DAY
B,CalCOFI0810NH,10/25/2008,6:17,10/25/2008 6:17,8:00:00,10/25/2008 14:17,,,33.90233,-119.78867,AMH,DLC,G,6,HA,0,96,127,SE,,,1,1,,,,77,,,,,,,,,,,,,,,,,ON,,ON,,,,,,,,,,,,,,STARTING MID TRANSIT TO STATION 83/42. ARRAY DEPLOYED.
SB,CalCOFI0810NH,10/25/2008,6:17,10/25/2008 6:17,8:00:00,10/25/2008 14:17,,,33.90233,-119.78867,AMH,DLC,,,,,,,,,,,,40,KM,1,,223,,400,,,,,,,,,,UD,,,,OFF,,ON,,1,,,,,,,,,,,,SEEN OFF EFFORT WHILE DEPLOYING ARRAY
SE,CalCOFI0810NH,10/25/2008,6:17,10/25/2008 6:17,8:00:00,10/25/2008 14:17,,,33.90233,-119.78867,AMH,DLC,,,,,,,,,,,,40,KM,,,,,,,,,,,,,,,UD,,,,OFF,,ON,,1,,,,,,,,,,,,
ST,CalCOFI0810NH,10/25/2008,6:17,10/25/2008 6:17,8:00:00,10/25/2008 14:17,,,33.90233,-119.78867,AMH,DLC,G,6,HA,0,96,127,SE,,,1,1,,,,77,,,,,,,,,,,,,,,,,ON,,ON,,,,,,,,,,,,,,STARTING MID TRANSIT TO STATION 83/42. ARRAY DEPLOYED.
PINN,CalCOFI0810NH,10/25/2008,6:46,10/25/2008 6:46,8:00:00,10/25/2008 14:46,,,33.92033,-119.69683,AMH,DLC,,,,,,,,,,,,P10,AMH,5,,92,,200,,,,,,1,1,1,0,ZACA,,,,ON,,ON,,9,,,,,,,,,,,,
P,CalCOFI0810NH,10/25/2008,6:50,10/25/2008 6:50,8:00:00,10/25/2008 14:50,,,33.92267,-119.68583,AMH,DLC,G,6,HA,0,96,127,SE,,,1,1,,,,77,,,,,,,,,,,,,,,,,ON,,ON,,,,,,,,,,,,,,
PINN,CalCOFI0810NH,10/25/2008,6:56,10/25/2008 6:56,8:00:00,10/25/2008 14:56,,,33.92633,-119.66633,AMH,DLC,,,,,,,,,,,,P12,AMH,5,,351,,400,,,,,,1,1,1,0,ZACA,,,,ON,,ON,,9,,,,,,,,,,,,#P11 SKIPPED
OO,CalCOFI0810NH,10/25/2008,7:15,10/25/2008 7:15,8:00:00,10/25/2008 15:15,,,33.93833,-119.60367,AMH,DLC,G,6,HA,0,96,127,SE,,,1,1,,,,77,,,,,,,,,,,,,,,,,OFF,,ON,,,,,,,,,,,,,,ROTATING THROUGH BREAKFAST
W,CalCOFI0810NH,10/25/2008,7:23,10/25/2008 7:23,8:00:00,10/25/2008 15:23,,,33.94283,-119.58100,AMH,DLC,G,6,HA,0,96,127,SE,,,2,1,,,,77,,,,,,,,,,,,,,,,,OFF,,ON,,,,,,,,,,,,,,
SB,CalCOFI0810NH,10/25/2008,7:25,10/25/2008 7:25,8:00:00,10/25/2008 15:25,,,33.94450,-119.57367,AMH,DLC,,,,,,,,,,,,41,AMH,1,,48,,650,,,,,,9,7,12,ND,GG,,,,OFF,,ON,,1,,,,,,,,,,,,
SP,CalCOFI0810NH,10/25/2008,7:29,10/25/2008 7:29,8:00:00,10/25/2008 15:29,,,33.94767,-119.55900,AMH,DLC,,,,,,,,,,,,41,AMH,5,,14,,475,,,,,,9,7,12,ND,GG,,,,OFF,,ON,,1,,,,,,,,,,,,
SE,CalCOFI0810NH,10/25/2008,7:32,10/25/2008 7:32,8:00:00,10/25/2008 15:32,,,33.94933,-119.55167,AMH,DLC,,,,,,,,,,,,41,AMH,5,,306,,625,,,,,,9,7,12,ND,GG,,,,OFF,,ON,,1,,,,,,,,,,,,
C,CalCOFI0810NH,10/25/2008,7:43,10/25/2008 7:43,8:00:00,10/25/2008 15:43,,,33.96883,-119.52467,AMH,DLC,G,6,HA,0,96,127,SE,,,2,1,,,,35,,,,,,,,,,,,,,,,,OFF,,ON,,,,,,,,,,,,,,COURSE CHANGE
W,CalCOFI0810NH,10/25/2008,7:52,10/25/2008 7:52,8:00:00,10/25/2008 15:52,,,33.98950,-119.50800,AMH,DLC,UX,0.5,HF,100,0,0,N,,,2,1,,,,35,,,,,,,,,,,,,,,,,OFF,,ON,,,,,,,,,,,,,,"HIGH FOG, GOING OFF EFFORT"
XT,CalCOFI0810NH,10/25/2008,7:53,10/25/2008 7:53,8:00:00,10/25/2008 15:53,,,33.99283,-119.50500,AMH,DLC,UX,0.5,HF,100,0,0,N,,,2,1,,,,35,,,,,,,,,,,,,,,,,OFF,,ON,,,,,,,,,,,,,,RETRIEVING ARRAY DUE TO FOG AND VESSEL TRAFFIC
C,CalCOFI0810NH,10/25/2008,11:11,10/25/2008 11:11,8:00:00,10/25/2008 19:11,,,34.21350,-119.46650,AMH,DLC,UX,0.3,HF,100,0,0,N,,,2,1,,,,70,,,,,,,,,,,,,,,,,OFF,,ON,,,,,,,,,,,,,,DEPARTED STATION 83/41. HEAVY FOG. NO OBSERVATIONS. NO ARRAY.
ST,CalCOFI0810NH,10/25/2008,13:59,10/25/2008 13:59,8:00:00,10/25/2008 21:59,,,34.25667,-119.38283,AMH,DLC,F,5,LF,50,184,251,M,,,3,2,,,,276,,,,,,,,,,,,,,,,,ON,,ON,,,,,,,,,,,,,,DEPARTING STATION 83/40. NO ARRAY DEPLOYED. TOO SHALLOW
W,CalCOFI0810NH,10/25/2008,14:06,10/25/2008 14:06,8:00:00,10/25/2008 22:06,,,34.25800,-119.40600,AMH,DLC,P,1,HF,80,184,251,SL,,,2,2,,,,276,,,,,,,,,,,,,,,,,ON,,ON,,,,,,,,,,,,,,
W,CalCOFI0810NH,10/25/2008,14:10,10/25/2008 14:10,8:00:00,10/25/2008 22:10,,,34.25833,-119.41700,AMH,DLC,P,2,HF,80,184,251,M,,,2,2,,,,276,,,,,,,,,,,,,,,,,ON,,ON,,,,,,,,,,,,,,
XT,CalCOFI0810NH,10/25/2008,14:16,10/25/2008 14:16,8:00:00,10/25/2008 22:16,,,34.25883,-119.43717,AMH,DLC,UX,0.5,HF,80,184,251,M,,,2,2,,,,276,,,,,,,,,,,,,,,,,OFF,,ON,,,,,,,,,,,,,,GOING OFF OBSERVATION DUE TO HIGH FOG AND NO VISIBILITY
RT,CalCOFI0810NH,10/25/2008,15:33,10/25/2008 15:33,8:00:00,10/25/2008 23:33,,,34.31167,-119.66950,AMH,DLC,G,8,CL,0,222,257,SE,,,2,2,,,,312,,,,,,,,,,,,,,,,,ON,,ON,,,,,,,,,,,,,,
PINN,CalCOFI0810NH,10/25/2008,15:38,10/25/2008 15:38,8:00:00,10/25/2008 23:38,,,34.32067,-119.68100,AMH,DLC,,,,,,,,,,,,P13,DLC,5,,342,,200,,,,,,1,1,1,0,ZACA,,,,ON,,ON,,9,,,,,,,,,,,,
P,CalCOFI0810NH,10/25/2008,16:04,10/25/2008 16:04,8:00:00,10/26/2008 0:04,,,34.36717,-119.74433,AMH,DLC,G,8,CL,0,222,257,SE,,,2,2,,,,312,,,,,,,,,,,,,,,,,ON,,ON,,,,,,,,,,,,,,
E,CalCOFI0810NH,10/25/2008,16:24,10/25/2008 16:24,8:00:00,10/26/2008 0:24,,,34.40333,-119.79483,AMH,DLC,G,8,CL,0,222,257,SE,,,2,2,,,,312,,,,,,,,,,,,,,,,,OFF,,ON,,,,,,,,,,,,,,ARRIVING STATION 81.7/43.5 (SCCOOS) END OF DAY
ET,CalCOFI0810NH,10/25/2008,16:24,10/25/2008 16:24,8:00:00,10/26/2008 0:24,,,34.40333,-119.79483,AMH,DLC,G,8,CL,0,222,257,SE,,,2,2,,,,312,,,,,,,,,,,,,,,,,OFF,,ON,,,,,,,,,,,,,,ARRIVING STATION 81.7/43.5 (SCCOOS) END OF DAY
B,CalCOFI0810NH,10/26/2008,6:32,10/26/2008 6:32,8:00:00,10/26/2008 14:32,,,34.22883,-121.04767,DLC,AMH,F,5,LF,100,0,0,N,,,3,1,,,,226,,,,,,,,,,,,,,,,,ON,,ON,,,,,,,,,,,,,,STARTING MID TRANSIT. HEADING TO STATION 80/60. ARRAY DEPLOYED.
ST,CalCOFI0810NH,10/26/2008,6:32,10/26/2008 6:32,8:00:00,10/26/2008 14:32,,,34.22883,-121.04767,DLC,AMH,F,5,LF,100,0,0,N,,,3,1,,,,226,,,,,,,,,,,,,,,,,ON,,ON,,,,,,,,,,,,,,STARTING MID TRANSIT. HEADING TO STATION 80/60. ARRAY DEPLOYED.
ET,CalCOFI0810NH,10/26/2008,6:55,10/26/2008 6:55,8:00:00,10/26/2008 14:55,,,34.18633,-121.10233,DLC,AMH,F,5,LF,100,0,0,N,,,3,1,,,,226,,,,,,,,,,,,,,,,,OFF,,ON,,,,,,,,,,,,,,ARRIVING STATION 80/60. RETRIEVING ARRAY.
ST,CalCOFI0810NH,10/26/2008,10:23,10/26/2008 10:23,8:00:00,10/26/2008 18:23,,,34.15033,-121.16800,DLC,AMH,G,5,OV,100,149,182,SL,,,3,2,,,,240,,,,,,,,,,,,,,,,,ON,,ON,,,,,,,,,,,,,,"DEPARTED STATION 80/60. ARRAY DEPLOYED. PATCHY GLARE, COMES AND GOES."
OO,CalCOFI0810NH,10/26/2008,11:15,10/26/2008 11:15,8:00:00,10/26/2008 19:15,,,34.07300,-121.31050,DLC,AMH,G,5,OV,100,149,182,SL,,,3,2,,,,240,,,,,,,,,,,,,,,,,OFF,,ON,,,,,,,,,,,,,,ROTATING THROUGH LUNCH.
SH,CalCOFI0810NH,10/26/2008,11:53,10/26/2008 11:53,8:00:00,10/26/2008 19:53,,,34.02417,-121.41250,DLC,AMH,,,,,,,,,,,,SH6,AMH,,,291,0.1,,,,,,,,,,,,,,,OFF,,ON,,,,,,,,,,,,,,NAVY SHIP
SH,CalCOFI0810NH,10/26/2008,11:57,10/26/2008 11:57,8:00:00,10/26/2008 19:57,,,34.01867,-121.42450,DLC,AMH,,,,,,,,,,,,SH7,AMH,,,276,0.1,,,,,,,,,,,,,,,OFF,,ON,,,,,,,,,,,,,,CARGO SHIP
PINN,CalCOFI0810NH,10/26/2008,12:03,10/26/2008 12:03,8:00:00,10/26/2008 20:03,,,34.01017,-121.44200,DLC,AMH,,,,,,,,,,,,P14,AMH,5,,297,,250,,,,,,1,1,1,0,ZACA,,,,OFF,,ON,,9,,,,,,,,,,,,FLOATING ON BACK WITH FLIPPERS IN AIR.
C,CalCOFI0810NH,10/26/2008,12:13,10/26/2008 12:13,8:00:00,10/26/2008 20:13,,,33.99783,-121.46933,DLC,AMH,G,5,OV,100,149,182,SL,,,3,2,,,,327,,,,,,,,,,,,,,,,,OFF,,ON,,,,,,,,,,,,,,COURSE CHANGE TO AVOID SHIPS
SH,CalCOFI0810NH,10/26/2008,12:13,10/26/2008 12:13,8:00:00,10/26/2008 20:13,,,33.99783,-121.46933,DLC,AMH,,,,,,,,,,,,SH7,AMH,,,246,0.2,,,,,,,,,,,,,,,OFF,,ON,,,,,,,,,,,,,,CARGO SHIP UPDATE
SH,CalCOFI0810NH,10/26/2008,12:13,10/26/2008 12:13,8:00:00,10/26/2008 20:13,,,33.99783,-121.46933,DLC,AMH,,,,,,,,,,,,SH6,AMH,,,310,0.1,,,,,,,,,,,,,,,OFF,,ON,,,,,,,,,,,,,,NAVY SHIP UPDATE
OB,CalCOFI0810NH,10/26/2008,12:21,10/26/2008 12:21,8:00:00,10/26/2008 20:21,,,34.01567,-121.47817,DLC,AMH,G,5,OV,100,149,182,SL,,,3,2,,,,327,,,,,,,,,,,,,,,,,ON,,ON,,,,,,,,,,,,,,BOTH OBSERVERS ON WATCH
C,CalCOFI0810NH,10/26/2008,12:31,10/26/2008 12:31,8:00:00,10/26/2008 20:31,,,34.02900,-121.49750,DLC,AMH,G,5,OV,100,149,182,SL,,,3,2,,,,240,,,,,,,,,,,,,,,,,ON,,ON,,,,,,,,,,,,,,COURSE CHANGE
P,CalCOFI0810NH,10/26/2008,13:13,10/26/2008 13:13,8:00:00,10/26/2008 21:13,,,33.95650,-121.60383,DLC,AMH,G,5,OV,100,149,182,SL,,,3,2,,,,240,,,,,,,,,,,,,,,,,ON,,ON,,,,,,,,,,,,,,
W,CalCOFI0810NH,10/26/2008,13:15,10/26/2008 13:15,8:00:00,10/26/2008 21:15,,,33.95217,-121.61017,DLC,AMH,G,5,OV,97,160,222,SL,,,2,2,,,,240,,,,,,,,,,,,,,,,,ON,,ON,,,,,,,,,,,,,,
ET,CalCOFI0810NH,10/26/2008,14:28,10/26/2008 14:28,8:00:00,10/26/2008 22:28,,,33.83417,-121.81050,DLC,AMH,G,5,OV,97,160,222,SL,,,2,2,,,,240,,,,,,,,,,,,,,,,,OFF,,ON,,,,,,,,,,,,,,ARRIVING STATION 80/70. PULLING IN ARRAY
E,CalCOFI0810NH,10/26/2008,15:08,10/26/2008 15:08,8:00:00,10/26/2008 23:08,,,33.82217,-121.84783,DLC,AMH,G,5,OV,97,160,222,SL,,,2,2,,,,240,,,,,,,,,,,,,,,,,OFF,,ON,,,,,,,,,,,,,,END OF DAY
SB,CalCOFI0810NH,10/26/2008,15:08,10/26/2008 15:08,8:00:00,10/26/2008 23:08,,,33.82217,-121.84783,DLC,AMH,,,,,,,,,,,,42,DLC,1,,116,0.6,,,,,,,24,19,30,ND,DSP,,,,OFF,,ON,,0,,,,,,,,,,,,CLOSE TO SONOBOUY. PORPOISING. NOT SURE IF PORPOISING OR MILLING.
SE,CalCOFI0810NH,10/26/2008,15:08,10/26/2008 15:08,8:00:00,10/26/2008 23:08,,,33.82217,-121.84783,DLC,AMH,,,,,,,,,,,,42,DLC,,,,,,,,,,,24,19,30,ND,DSP,,,,OFF,,ON,,0,,,,,,,,,,,,
B,CalCOFI0810NH,10/27/2008,6:35,10/27/2008 6:35,8:00:00,10/27/2008 14:35,,,33.07783,-123.42500,DLC,AMH,G,7,OV,97,0,0,N,,,2,1,,,,235,,,,,,,,,,,,,,,,,ON,,ON,,,,,,,,,,,,,,STARTING MID TRANSIT TO STATION 80/100. ARRAY DEPLOYED.
ST,CalCOFI0810NH,10/27/2008,6:35,10/27/2008 6:35,8:00:00,10/27/2008 14:35,,,33.07783,-123.42500,DLC,AMH,G,7,OV,97,0,0,N,,,2,1,,,,235,,,,,,,,,,,,,,,,,ON,,ON,,,,,,,,,,,,,,STARTING MID TRANSIT TO STATION 80/100. ARRAY DEPLOYED.
OO,CalCOFI0810NH,10/27/2008,7:15,10/27/2008 7:15,8:00:00,10/27/2008 15:15,,,33.01450,-123.53100,DLC,AMH,G,7,OV,97,0,0,N,,,2,1,,,,235,,,,,,,,,,,,,,,,,OFF,,ON,,,,,,,,,,,,,,ROTATING THROUGH BREAKFAST
OB,CalCOFI0810NH,10/27/2008,7:42,10/27/2008 7:42,8:00:00,10/27/2008 15:42,,,32.97417,-123.60200,DLC,AMH,G,7,OV,85,0,0,N,,,2,1,,,,235,,,,,,,,,,,,,,,,,ON,,ON,,,,,,,,,,,,,,BOTH OBSERVERS ON WATCH.
W,CalCOFI0810NH,10/27/2008,7:42,10/27/2008 7:42,8:00:00,10/27/2008 15:42,,,32.97417,-123.60200,DLC,AMH,G,7,OV,85,0,0,N,,,2,1,,,,235,,,,,,,,,,,,,,,,,OFF,,ON,,,,,,,,,,,,,,
P,CalCOFI0810NH,10/27/2008,8:34,10/27/2008 8:34,8:00:00,10/27/2008 16:34,,,32.89600,-123.74400,DLC,AMH,G,7,OV,85,0,0,N,,,2,1,,,,235,,,,,,,,,,,,,,,,,ON,,ON,,,,,,,,,,,,,,
ET,CalCOFI0810NH,10/27/2008,9:12,10/27/2008 9:12,8:00:00,10/27/2008 17:12,,,32.84550,-123.84817,DLC,AMH,G,7,OV,85,0,0,N,,,2,1,,,,235,,,,,,,,,,,,,,,,,OFF,,ON,,,,,,,,,,,,,,ARRIVING STATION 80/100. RETRIEVING ARRAY
ST,CalCOFI0810NH,10/27/2008,12:06,10/27/2008 12:06,8:00:00,10/27/2008 20:06,,,32.84367,-123.94133,DLC,AMH,G,7,OV,75,0,0,N,,,2,4,,,,330,,,,,,,,,,,,,,,,,ON,,ON,,,,,,,,,,,,,,LEAVING STATION 80/100. ARRAY DEPLOYED.
W,CalCOFI0810NH,10/27/2008,13:49,10/27/2008 13:49,8:00:00,10/27/2008 21:49,,,33.07550,-124.10283,DLC,AMH,G,7,OV,75,0,0,N,,,3,4,,,,330,,,,,,,,,,,,,,,,,ON,,ON,,,,,,,,,,,,,,
P,CalCOFI0810NH,10/27/2008,14:38,10/27/2008 14:38,8:00:00,10/27/2008 22:38,,,33.18533,-124.17267,DLC,AMH,G,7,OV,75,0,0,N,,,3,4,,,,330,,,,,,,,,,,,,,,,,ON,,ON,,,,,,,,,,,,,,
P,CalCOFI0810NH,10/27/2008,15:42,10/27/2008 15:42,8:00:00,10/27/2008 23:42,,,33.31783,-124.27183,DLC,AMH,G,7,OV,75,0,0,N,,,3,4,,,,330,,,,,,,,,,,,,,,,,ON,,ON,,,,,,,,,,,,,,
E,CalCOFI0810NH,10/27/2008,15:48,10/27/2008 15:48,8:00:00,10/27/2008 23:48,,,33.33050,-124.28050,DLC,AMH,G,7,OV,75,0,0,N,,,3,4,,,,330,,,,,,,,,,,,,,,,,OFF,,ON,,,,,,,,,,,,,,ARRIVING STATION 77/100. RETRIEVING ARRAY.
ET,CalCOFI0810NH,10/27/2008,15:48,10/27/2008 15:48,8:00:00,10/27/2008 23:48,,,33.33050,-124.28050,DLC,AMH,G,7,OV,75,0,0,N,,,3,4,,,,330,,,,,,,,,,,,,,,,,OFF,,ON,,,,,,,,,,,,,,ARRIVING STATION 77/100. RETRIEVING ARRAY.
B,CalCOFI0810NH,10/28/2008,6:53,10/28/2008 6:53,8:00:00,10/28/2008 14:53,,,34.12633,-122.87567,AMH,DLC,F,6,OV,100,0,0,N,,,4,4,,,,63,,,,,,,,,,,,,,,,,ON,,ON,,,,,,,,,,,,,,STARTING MID TRANSIT TO STATION 80/70. ARRAY DEPLOYED.
ST,CalCOFI0810NH,10/28/2008,6:53,10/28/2008 6:53,8:00:00,10/28/2008 14:53,,,34.12633,-122.87567,AMH,DLC,F,6,OV,100,0,0,N,,,4,4,,,,63,,,,,,,,,,,,,,,,,ON,,ON,,,,,,,,,,,,,,STARTING MID TRANSIT TO STATION 80/70. ARRAY DEPLOYED.
OO,CalCOFI0810NH,10/28/2008,7:29,10/28/2008 7:29,8:00:00,10/28/2008 15:29,,,34.16950,-122.77417,AMH,DLC,F,6,OV,100,0,0,N,,,4,4,,,,63,,,,,,,,,,,,,,,,,OFF,,ON,,,,,,,,,,,,,,ROTATING THROUGH BREAKFAST
OB,CalCOFI0810NH,10/28/2008,7:50,10/28/2008 7:50,8:00:00,10/28/2008 15:50,,,34.19383,-122.71717,AMH,DLC,F,6,OV,100,0,0,N,,,4,4,,,,63,,,,,,,,,,,,,,,,,ON,,ON,,,,,,,,,,,,,,BOTH OBSERVERS ON WATCH
W,CalCOFI0810NH,10/28/2008,7:50,10/28/2008 7:50,8:00:00,10/28/2008 15:50,,,34.19383,-122.71717,AMH,DLC,F,6,OV,100,0,0,N,,,5,4,,,,63,,,,,,,,,,,,,,,,,ON,,ON,,,,,,,,,,,,,,
PINN,CalCOFI0810NH,10/28/2008,7:59,10/28/2008 7:59,8:00:00,10/28/2008 15:59,,,34.20517,-122.68900,AMH,DLC,,,,,,,,,,,,P15,DLC,5,,116,,200,,,,,,1,1,1,0,ZACA,,,,ON,,ON,,3,,,,,,,,,,,,
P,CalCOFI0810NH,10/28/2008,8:32,10/28/2008 8:32,8:00:00,10/28/2008 16:32,,,34.24033,-122.59550,AMH,DLC,F,6,OV,100,0,0,N,,,5,4,,,,63,,,,,,,,,,,,,,,,,ON,,ON,,,,,,,,,,,,,,
P,CalCOFI0810NH,10/28/2008,9:17,10/28/2008 9:17,8:00:00,10/28/2008 17:17,,,34.28900,-122.46783,AMH,DLC,F,6,OV,100,0,0,N,,,5,4,,,,63,,,,,,,,,,,,,,,,,ON,,ON,,,,,,,,,,,,,,
P,CalCOFI0810NH,10/28/2008,9:56,10/28/2008 9:56,8:00:00,10/28/2008 17:56,,,34.33417,-122.35850,AMH,DLC,F,6,OV,100,0,0,N,,,5,4,,,,63,,,,,,,,,,,,,,,,,ON,,ON,,,,,,,,,,,,,,
ET,CalCOFI0810NH,10/28/2008,10:12,10/28/2008 10:12,8:00:00,10/28/2008 18:12,,,34.35417,-122.31467,AMH,DLC,F,6,OV,100,0,0,N,,,5,4,,,,63,,,,,,,,,,,,,,,,,OFF,,ON,,,,,,,,,,,,,,ARRIVING STATION 80/70. PULLING IN ARRAY.
ST,CalCOFI0810NH,10/28/2008,13:03,10/28/2008 13:03,8:00:00,10/28/2008 21:03,,,34.40867,-122.24250,AMH,DLC,F,6,OV,100,0,0,N,,,5,4,,,,59,,,,,,,,,,,,,,,,,ON,,ON,,,,,,,,,,,,,,DEPARTED STATION 80/70. ARRAY DEPLOYED.
W,CalCOFI0810NH,10/28/2008,13:31,10/28/2008 13:31,8:00:00,10/28/2008 21:31,,,34.44200,-122.16583,AMH,DLC,P,4,LF,75,0,0,N,,,5,4,,,,59,,,,,,,,,,,,,,,,,ON,,ON,,,,,,,,,,,,,,AREAS OF PATCHY DENSE FOG.
E,CalCOFI0810NH,10/28/2008,14:00,10/28/2008 14:00,8:00:00,10/28/2008 22:00,,,34.47750,-122.08550,AMH,DLC,UX,2,LF,75,0,0,N,,,5,4,,,,59,,,,,,,,,,,,,,,,,OFF,,OFF,,,,,,,,,,,,,,END OF OBSERVATIONS FOR THE DAY.
XT,CalCOFI0810NH,10/28/2008,14:00,10/28/2008 14:00,8:00:00,10/28/2008 22:00,,,34.47750,-122.08550,AMH,DLC,UX,2,LF,75,0,0,N,,,5,4,,,,59,,,,,,,,,,,,,,,,,OFF,,ON,,,,,,,,,,,,,,COMBINED BEAUFORT AND VISIBILITY MAKE CONDITIONS TOO POOR FOR SURVEYING
B,CalCOFI0810NH,10/29/2008,6:52,10/29/2008 6:52,8:00:00,10/29/2008 14:52,,,34.91400,-120.80883,AMH,DLC,UX,0.5,HF,100,0,0,N,,,2,3,,,,178,,,,,,,,,,,,,,,,,OFF,,OFF,,,,,,,,,,,,,,HEADING TO STATION 80/50.5 TO PICK UP MISSED STATION ON TRANSIT BACK TO SAN DIEGO. NO OBSERVATIONS DUE TO CONDITIONS
ST,CalCOFI0810NH,10/29/2008,9:07,10/29/2008 9:07,8:00:00,10/29/2008 17:07,,,34.56550,-120.77183,AMH,AMH,P,3,HF,80,117,153,M,,,5,3,,,,122,,,,,,,,,,,,,,,,,OFF,,OFF,,,,,,,,,,,,,,BEGIN OFF EFFORT OBSERVATIONS HEADING BACK TO SAN DIEGO. OBSERVER ROTATION.
SB,CalCOFI0810NH,10/29/2008,9:29,10/29/2008 9:29,8:00:00,10/29/2008 17:29,,,34.53233,-120.71917,AMH,AMH,,,,,,,,,,,,43,AMH,2,,181,,350,,,,,,2,2,2,0,MN,,,,OFF,,OFF,,34,2,,,,,,,,,,,FLUKE UP DIVE
SE,CalCOFI0810NH,10/29/2008,9:31,10/29/2008 9:31,8:00:00,10/29/2008 17:31,,,34.52850,-120.71367,AMH,AMH,,,,,,,,,,,,43,AMH,2,,211,,400,,,,,,2,2,2,0,MN,,,,OFF,,OFF,,2,,,,,,,,,,,,
P,CalCOFI0810NH,10/29/2008,9:40,10/29/2008 9:40,8:00:00,10/29/2008 17:40,,,34.51500,-120.69450,AMH,AMH,P,3,HF,80,117,153,M,,,5,3,,,,122,,,,,,,,,,,,,,,,,OFF,,OFF,,,,,,,,,,,,,,
W,CalCOFI0810NH,10/29/2008,9:49,10/29/2008 9:49,8:00:00,10/29/2008 17:49,,,34.50133,-120.67333,AMH,AMH,P,5,LF,80,117,153,SE,,,5,3,,,,122,,,,,,,,,,,,,,,,,OFF,,OFF,,,,,,,,,,,,,,
C,CalCOFI0810NH,10/29/2008,10:16,10/29/2008 10:16,8:00:00,10/29/2008 18:16,,,34.46000,-120.60767,AMH,AMH,P,6,CL,10,106,169,SE,,,5,2,,,,89,,,,,,,,,,,,,,,,,OFF,,OFF,,,,,,,,,,,,,,COURSE CHANGE
W,CalCOFI0810NH,10/29/2008,10:16,10/29/2008 10:16,8:00:00,10/29/2008 18:16,,,34.46000,-120.60767,AMH,AMH,P,6,CL,10,106,169,SE,,,5,2,,,,122,,,,,,,,,,,,,,,,,OFF,,OFF,,,,,,,,,,,,,,
W,CalCOFI0810NH,10/29/2008,10:50,10/29/2008 10:50,8:00:00,10/29/2008 18:50,,,34.46067,-120.50767,AMH,AMH,F,7,CL,10,106,169,SE,,,4,2,,,,89,,,,,,,,,,,,,,,,,OFF,,OFF,,,,,,,,,,,,,,
ET,CalCOFI0810NH,10/29/2008,10:54,10/29/2008 10:54,8:00:00,10/29/2008 18:54,,,34.46083,-120.49333,AMH,AMH,F,7,CL,10,106,169,SE,,,4,2,,,,89,,,,,,,,,,,,,,,,,OFF,,OFF,,,,,,,,,,,,,,ARRIVING STATION 80/50.5
ST,CalCOFI0810NH,10/29/2008,11:49,10/29/2008 11:49,8:00:00,10/29/2008 19:49,,,34.42983,-120.50050,DLC,DLC,F,7,CL,10,125,230,SE,,,4,2,,,,174,,,,,,,,,,,,,,,,,OFF,,OFF,,,,,,,,,,,,,,DEPARTED STATION 80/50.5
C,CalCOFI0810NH,10/29/2008,12:01,10/29/2008 12:01,8:00:00,10/29/2008 20:01,,,34.40150,-120.49467,DLC,DLC,F,7,CL,10,125,230,SE,,,4,2,,,,134,,,,,,,,,,,,,,,,,OFF,,OFF,,,,,,,,,,,,,,COURSE CHANGE
W,CalCOFI0810NH,10/29/2008,12:01,10/29/2008 12:01,8:00:00,10/29/2008 20:01,,,34.40150,-120.49467,DLC,DLC,F,7,CL,10,141,206,SE,,,4,2,,,,134,,,,,,,,,,,,,,,,,OFF,,OFF,,,,,,,,,,,,,,
SB,CalCOFI0810NH,10/29/2008,12:33,10/29/2008 12:33,8:00:00,10/29/2008 20:33,,,34.34317,-120.42633,DLC,DLC,,,,,,,,,,,,44,DLC,4,,314,,300,,,,,,2,2,2,0,GG,,,,OFF,,OFF,,1,,,,,,,,,,,,SIGHTED WHILE NOTIFYING ACOUSTICS OF ABILITY TO DEPLOY ARRAY.
SE,CalCOFI0810NH,10/29/2008,12:33,10/29/2008 12:33,8:00:00,10/29/2008 20:33,,,34.34317,-120.42633,DLC,DLC,,,,,,,,,,,,44,DLC,,,,,,,,,,,2,2,2,0,GG,,,,OFF,,OFF,,1,,,,,,,,,,,,
C,CalCOFI0810NH,10/29/2008,12:36,10/29/2008 12:36,8:00:00,10/29/2008 20:36,,,34.33967,-120.42233,DLC,DLC,F,7,CL,10,141,206,SE,,,4,2,,,,134,,,,,,,,,,,,,,,,,OFF,,OFF,,,,,,,,,,,,,,SLOWED TO 3.5 KNOTS TO DEPLOY ARRAY
XT,CalCOFI0810NH,10/29/2008,12:36,10/29/2008 12:36,8:00:00,10/29/2008 20:36,,,34.33967,-120.42233,DLC,DLC,F,7,CL,10,141,206,SE,,,4,2,,,,134,,,,,,,,,,,,,,,,,OFF,,OFF,,,,,,,,,,,,,,"DECK WASH, BREAKING OBSERVATIONS"
RT,CalCOFI0810NH,10/29/2008,13:00,10/29/2008 13:00,8:00:00,10/29/2008 21:00,,,34.30033,-120.37417,DLC,DLC,F,7,CL,10,141,206,SE,,,4,2,,,,134,,,,,,,,,,,,,,,,,OFF,,OFF,,,,,,,,,,,,,,BACK ON OBSERVATIONS
W,CalCOFI0810NH,10/29/2008,13:21,10/29/2008 13:21,8:00:00,10/29/2008 21:21,,,34.26783,-120.31250,DLC,DLC,F,7,CL,10,184,157,SE,,,3,2,,,,123,,,,,,,,,,,,,,,,,OFF,,OFF,,,,,,,,,,,,,,
SB,CalCOFI0810NH,10/29/2008,13:51,10/29/2008 13:51,8:00:00,10/29/2008 21:51,,,34.22033,-120.23100,DLC,DLC,,,,,,,,,,,,45,DLC,5,,72,,570,,,,,,15,11,20,ND,DSP,,,,OFF,,OFF,,2,,,,,,,,,,,,CLUSTERED GROUP PORPOISING
SE,CalCOFI0810NH,10/29/2008,13:51,10/29/2008 13:51,8:00:00,10/29/2008 21:51,,,34.22033,-120.23100,DLC,DLC,,,,,,,,,,,,45,DLC,,,,,,,,,,,15,11,20,ND,DSP,,,,OFF,,OFF,,2,,,,,,,,,,,,
C,CalCOFI0810NH,10/29/2008,14:02,10/29/2008 14:02,8:00:00,10/29/2008 22:02,,,34.20267,-120.19767,AMH,AMH,F,7,CL,10,184,157,SE,,,3,2,,,,123,,,,,,,,,,,,,,,,,OFF,,OFF,,,,,,,,,,,,,,OBSERVER ROTATION
SB,CalCOFI0810NH,10/29/2008,14:43,10/29/2008 14:43,8:00:00,10/29/2008 22:43,,,34.14217,-120.07600,AMH,AMH,,,,,,,,,,,,46,AMH,5,,109,,600,,,,,,1200,900,1500,ND,DC,,,,OFF,,OFF,,9,,,,,,,,,,,,MOVING THROUGH LONG LINE OF ANIMALS
SP,CalCOFI0810NH,10/29/2008,14:49,10/29/2008 14:49,8:00:00,10/29/2008 22:49,,,34.13500,-120.05967,AMH,AMH,,,,,,,,,,,,46,AMH,5,,118,,50,,700M,,106,131,1200,900,1500,2,DC,,,,OFF,,OFF,,9,5,,,,,,,,,,,"TAIL SLAPPING, LOTS OF SCARRED ANIMALS"
SP,CalCOFI0810NH,10/29/2008,14:53,10/29/2008 14:53,8:00:00,10/29/2008 22:53,,,34.12933,-120.04533,AMH,AMH,,,,,,,,,,,,46,AMH,5,,142,,50,,700M,,109,164,1200,900,1500,2,DC,,,,OFF,,OFF,,9,5,,,,,,,,,,,"TAIL SLAPPING, LOTS OF SCARRED ANIMALS"
C,CalCOFI0810NH,10/29/2008,14:56,10/29/2008 14:56,8:00:00,10/29/2008 22:56,,,34.12567,-120.03817,AMH,AMH,F,7,CL,10,184,157,SE,,,3,2,,,,140,,,,,,,,,,,,,,,,,OFF,,OFF,,,,,,,,,,,,,,COURSE CHANGE
SP,CalCOFI0810NH,10/29/2008,15:02,10/29/2008 15:02,8:00:00,10/29/2008 23:02,,,34.11167,-120.02500,AMH,AMH,,,,,,,,,,,,46,AMH,4,,312,3.8,,,3.8,0.3,289,341,1200,900,1500,2,DC,,,,OFF,,OFF,,9,5,,,,,,,,,,,MOST OF GROUP BEHIND SHIP. A FEW INDIVIDUALS STILL BOWRIDING
SE,CalCOFI0810NH,10/29/2008,15:07,10/29/2008 15:07,8:00:00,10/29/2008 23:07,,,34.10167,-120.01583,AMH,AMH,,,,,,,,,,,,46,AMH,4,,314,2.6,,,,,,,1200,900,1500,2,DC,,,,OFF,,OFF,,,,,,,,,,,,,,REST OF GROUP MOVED OFF
SB,CalCOFI0810NH,10/29/2008,15:16,10/29/2008 15:16,8:00:00,10/29/2008 23:16,,,34.07983,-119.99600,AMH,AMH,,,,,,,,,,,,47,AMH,4,,174,,450,,,,,,32,17,45,ND,DC,,,,OFF,,OFF,,9,,,,,,,,,,,,
SE,CalCOFI0810NH,10/29/2008,15:22,10/29/2008 15:22,8:00:00,10/29/2008 23:22,,,34.06850,-119.98550,AMH,AMH,,,,,,,,,,,,47,AMH,4,,341,,350,,,,,,32,17,45,ND,DC,,,,OFF,,OFF,,9,,,,,,,,,,,,"CHIN SLAP, TAIL SLAP"
XT,CalCOFI0810NH,10/29/2008,15:29,10/29/2008 15:29,8:00:00,10/29/2008 23:29,,,34.05183,-119.97033,AMH,AMH,F,7,CL,10,184,157,SE,,,3,2,,,,140,,,,,,,,,,,,,,,,,OFF,,OFF,,,,,,,,,,,,,,PULLING IN ARRAY DUE TO SHALLOWS
RT,CalCOFI0810NH,10/29/2008,15:40,10/29/2008 15:40,8:00:00,10/29/2008 23:40,,,34.02633,-119.94683,AMH,AMH,F,7,CL,10,184,157,SE,,,3,2,,,,140,,,,,,,,,,,,,,,,,OFF,,OFF,,,,,,,,,,,,,,BACK ON OBSERVATIONS
PINN,CalCOFI0810NH,10/29/2008,15:44,10/29/2008 15:44,8:00:00,10/29/2008 23:44,,,34.01650,-119.93900,AMH,AMH,,,,,,,,,,,,P16,AMH,5,,16,,300,,,,,,1,1,1,0,ZACA,,,,OFF,,OFF,,4,,,,,,,,,,,,GULLS AND PELICANS ASSOCIATED. PELICANS FEEDING
W,CalCOFI0810NH,10/29/2008,15:44,10/29/2008 15:44,8:00:00,10/29/2008 23:44,,,34.01650,-119.93900,AMH,AMH,F,7,CL,10,184,157,SE,,,4,2,,,,140,,,,,,,,,,,,,,,,,OFF,,OFF,,,,,,,,,,,,,,
XT,CalCOFI0810NH,10/29/2008,15:53,10/29/2008 15:53,8:00:00,10/29/2008 23:53,,,33.99417,-119.92367,AMH,AMH,F,7,CL,10,184,157,SE,,,4,2,,,,140,,,,,,,,,,,,,,,,,OFF,,OFF,,,,,,,,,,,,,,SLOWING TO 4 KNOTS. FISHING.DEPLOYING ARRAY
RT,CalCOFI0810NH,10/29/2008,16:12,10/29/2008 16:12,8:00:00,10/30/2008 0:12,,,33.95450,-119.89367,DLC,DLC,F,7,CL,10,184,157,SE,,,4,2,,,,140,,,,,,,,,,,,,,,,,OFF,,OFF,,,,,,,,,,,,,,OBSERVER ROTATION
SB,CalCOFI0810NH,10/29/2008,16:12,10/29/2008 16:12,8:00:00,10/30/2008 0:12,,,33.95450,-119.89367,DLC,DLC,,,,,,,,,,,,48,AMH,1,,319,4.2,,,,,,,250,185,290,ND,DD,,,,OFF,,OFF,,0,,,,,,,,,,,,
SE,CalCOFI0810NH,10/29/2008,16:12,10/29/2008 16:12,8:00:00,10/30/2008 0:12,,,33.95450,-119.89367,DLC,DLC,,,,,,,,,,,,48,AMH,,,,,,,,,,,250,185,290,ND,DD,,,,OFF,,OFF,,0,,,,,,,,,,,,
B,CalCOFI0810NH,10/29/2008,17:04,10/29/2008 17:04,8:00:00,10/30/2008 1:04,,,33.83033,-119.80133,DLC,DLC,F,7,CL,10,184,157,SE,,,4,2,,,,140,,,,,,,,,,,,,,,,,OFF,,OFF,,,,,,,,,,,,,,"SUNSET, END OF DAY"
ET,CalCOFI0810NH,10/29/2008,17:04,10/29/2008 17:04,8:00:00,10/30/2008 1:04,,,33.83033,-119.80133,DLC,DLC,F,7,CL,10,184,157,SE,,,4,2,,,,140,,,,,,,,,,,,,,,,,OFF,,OFF,,,,,,,,,,,,,,"SUNSET, END OF DAY"
B,CalCOFI0810NH,10/30/2008,6:43,10/30/2008 6:43,8:00:00,10/30/2008 14:43,,,32.65467,-118.23867,DLC,DLC,G,7,PC,65,82,104,M,,,2,1,,,,95,,,,,,,,,,,,,,,,,OFF,,OFF,,,,,,,,,,,,,,HEADING TO SAN DIEGO. OFF EFFORT OBSERVATIONS. OBSERVERS ROTATING THROUGH WATCH
ST,CalCOFI0810NH,10/30/2008,6:43,10/30/2008 6:43,8:00:00,10/30/2008 14:43,,,32.65467,-118.23867,DLC,DLC,G,7,PC,65,82,104,M,,,2,1,,,,95,,,,,,,,,,,,,,,,,OFF,,OFF,,,,,,,,,,,,,,HEADING TO SAN DIEGO. OFF EFFORT OBSERVATIONS. OBSERVERS ROTATING THROUGH WATCH
ST,CalCOFI0810NH,10/30/2008,6:43,10/30/2008 6:43,8:00:00,10/30/2008 14:43,,,32.65467,-118.23867,DLC,DLC,G,7,PC,65,82,104,M,,,2,1,,,,95,,,,,,,,,,,,,,,,,OFF,,OFF,,,,,,,,,,,,,,HEADING TO SAN DIEGO. OFF EFFORT OBSERVATIONS. OBSERVERS ROTATING THROUGH WATCH
SB,CalCOFI0810NH,10/30/2008,7:25,10/30/2008 7:25,8:00:00,10/30/2008 15:25,,,32.64950,-118.10750,DLC,DLC,,,,,,,,,,,,49,DLC,2,,152,0.6,,,,,,,2,2,2,0,MN,,,,OFF,,OFF,,9,34,,,,,,,,,,,FLUKE UP DIVES
SE,CalCOFI0810NH,10/30/2008,7:25,10/30/2008 7:25,8:00:00,10/30/2008 15:25,,,32.64950,-118.10750,DLC,DLC,,,,,,,,,,,,49,DLC,,,,,,,,,,,2,2,2,0,MN,,,,OFF,,OFF,,9,34,,,,,,,,,,,
P,CalCOFI0810NH,10/30/2008,7:46,10/30/2008 7:46,8:00:00,10/30/2008 15:46,,,32.64733,-118.03467,DLC,DLC,G,7,PC,65,82,104,M,,,2,1,,,,95,,,,,,,,,,,,,,,,,OFF,,OFF,,,,,,,,,,,,,,
W,CalCOFI0810NH,10/30/2008,8:00,10/30/2008 8:00,8:00:00,10/30/2008 16:00,,,32.64633,-117.98700,DLC,DLC,G,7,OV,90,103,137,SE,,,2,1,,,,95,,,,,,,,,,,,,,,,,OFF,,OFF,,,,,,,,,,,,,,
XT,CalCOFI0810NH,10/30/2008,8:40,10/30/2008 8:40,8:00:00,10/30/2008 16:40,,,32.64250,-117.85683,DLC,DLC,G,7,OV,90,103,137,SE,,,2,1,,,,95,,,,,,,,,,,,,,,,,OFF,,OFF,,,,,,,,,,,,,,OBSERVER ROTATION
RT,CalCOFI0810NH,10/30/2008,9:06,10/30/2008 9:06,8:00:00,10/30/2008 17:06,,,32.64017,-117.76867,AMH,AMH,G,7,OV,80,107,149,M,,,2,1,,,,95,,,,,,,,,,,,,,,,,OFF,,OFF,,,,,,,,,,,,,,GLARE INTERMITTENT BETWEEN M AND SE DUE TO CLOUD COVER
C,CalCOFI0810NH,10/30/2008,9:32,10/30/2008 9:32,8:00:00,10/30/2008 17:32,,,32.63567,-117.68383,AMH,AMH,G,7,OV,80,107,149,M,,,2,1,,,,110,,,,,,,,,,,,,,,,,OFF,,OFF,,,,,,,,,,,,,,SLIGHT COURSE CHANGE
W,CalCOFI0810NH,10/30/2008,9:39,10/30/2008 9:39,8:00:00,10/30/2008 17:39,,,32.62933,-117.66167,AMH,AMH,P,3,HF,90,107,149,SL,,,2,1,,,,110,,,,,,,,,,,,,,,,,OFF,,OFF,,,,,,,,,,,,,,AREAS OF PATCHY DENSE FOG
XT,CalCOFI0810NH,10/30/2008,9:53,10/30/2008 9:53,8:00:00,10/30/2008 17:53,,,32.61767,-117.61583,AMH,AMH,UX,0.25,HF,100,0,0,N,,,2,1,,,,110,,,,,,,,,,,,,,,,,OFF,,OFF,,,,,,,,,,,,,,
RT,CalCOFI0810NH,10/30/2008,10:33,10/30/2008 10:33,8:00:00,10/30/2008 18:33,,,32.60533,-117.48633,AMH,AMH,E,8,CL,25,125,161,M,,,1,1,,,,87,,,,,,,,,,,,,,,,,OFF,,OFF,,,,,,,,,,,,,,
PINN,CalCOFI0810NH,10/30/2008,10:50,10/30/2008 10:50,8:00:00,10/30/2008 18:50,,,32.61333,-117.42917,AMH,AMH,,,,,,,,,,,,P17,AMH,5,,160,,250,,,,,,1,1,1,0,PV,,,,OFF,,OFF,,3,,,,,,,,,,,,
SB,CalCOFI0810NH,10/30/2008,10:53,10/30/2008 10:53,8:00:00,10/30/2008 18:53,,,32.61400,-117.41917,AMH,AMH,,,,,,,,,,,,49,AMH,5,,81,1.9,,,,,,,33,26,41,ND,LO,,,,OFF,,OFF,,9,,,,,,,,,,,,
SP,CalCOFI0810NH,10/30/2008,10:56,10/30/2008 10:56,8:00:00,10/30/2008 18:56,,,32.61450,-117.40850,AMH,AMH,,,,,,,,,,,,49,AMH,5,,239,4.3,,,,,,,33,26,41,ND,LO,,,,OFF,,OFF,,9,5,,,,,,,,,,,ABOUT 5 ANIMALS STILL WITH SHIP BOWRIDING. REST OF GROUP MOVED OFF
SB,CalCOFI0810NH,10/30/2008,10:59,10/30/2008 10:59,8:00:00,10/30/2008 18:59,,,32.61500,-117.39883,AMH,AMH,,,,,,,,,,,,50,AMH,1,,106,1.8,,,,,,,265,240,320,ND,DSP,,,,OFF,,OFF,,9,8,,,,,,,,,,,"BREACHING, TAIL SLAPPING, BIRDS ASSOCIATED"
SE,CalCOFI0810NH,10/30/2008,10:59,10/30/2008 10:59,8:00:00,10/30/2008 18:59,,,32.61500,-117.39883,AMH,AMH,,,,,,,,,,,,49,AMH,,,,,,,,,,,33,26,41,ND,LO,,,,OFF,,OFF,,9,,,,,,,,,,,,
SP,CalCOFI0810NH,10/30/2008,11:03,10/30/2008 11:03,8:00:00,10/30/2008 19:03,,,32.61617,-117.38433,AMH,AMH,,,,,,,,,,,,50,AMH,1,,192,2.8,,,2.8,0.7,169,222,265,240,320,ND,DSP,,,,OFF,,OFF,,9,8,,,,,,,,,,,"BREACHING, TAIL SLAPPING, BIRDS ASSOCIATED"
SE,CalCOFI0810NH,10/30/2008,11:06,10/30/2008 11:06,8:00:00,10/30/2008 19:06,,,32.61650,-117.37633,AMH,AMH,,,,,,,,,,,,50,AMH,1,,233,1.2,,,,,,,265,240,320,ND,DSP,,,,OFF,,OFF,,9,8,,,,,,,,,,,"BREACHING, TAIL SLAPPING, BIRDS ASSOCIATED"
E,CalCOFI0810NH,10/30/2008,11:10,10/30/2008 11:10,8:00:00,10/30/2008 19:10,,,32.61717,-117.36333,AMH,AMH,E,8,CL,25,125,161,M,,,1,1,,,,87,,,,,,,,,,,,,,,,,OFF,,OFF,,,,,,,,,,,,,,END OF OBSERVATIONS FOR 0810 CRUISE
ET,CalCOFI0810NH,10/30/2008,11:10,10/30/2008 11:10,8:00:00,10/30/2008 19:10,,,32.61717,-117.36333,AMH,AMH,E,8,CL,25,125,161,M,,,1,1,,,,87,,,,,,,,,,,,,,,,,OFF,,OFF,,,,,,,,,,,,,,"END OF DAY, SUNSET"
